species,common_name,family,region,venom_type,toxicity_level,antivenom_available,conservation_status,habitat,avg_length,max_length,image_path,venomous
Ophiophagus hannah,King Cobra,Elapidae,"Western Ghats, Northeast",Neurotoxic,Extremely toxic,Yes,Vulnerable,Dense forests,300,550,data/raw_images/Venomous/King Cobra/King_26.jpg,True
Ophiophagus hannah,King Cobra,Elapidae,"Western Ghats, Northeast",Neurotoxic,Extremely toxic,Yes,Vulnerable,Dense forests,300,550,data/raw_images/Venomous/King Cobra/King_32.jpg,True
Ophiophagus hannah,King Cobra,Elapidae,"Western Ghats, Northeast",Neurotoxic,Extremely toxic,Yes,Vulnerable,Dense forests,300,550,data/raw_images/Venomous/King Cobra/King_33.jpg,True
Ophiophagus hannah,King Cobra,Elapidae,"Western Ghats, Northeast",Neurotoxic,Extremely toxic,Yes,Vulnerable,Dense forests,300,550,data/raw_images/Venomous/King Cobra/King_27.jpg,True
Ophiophagus hannah,King Cobra,Elapidae,"Western Ghats, Northeast",Neurotoxic,Extremely toxic,Yes,Vulnerable,Dense forests,300,550,data/raw_images/Venomous/King Cobra/King_19.jpg,True
Ophiophagus hannah,King Cobra,Elapidae,"Western Ghats, Northeast",Neurotoxic,Extremely toxic,Yes,Vulnerable,Dense forests,300,550,data/raw_images/Venomous/King Cobra/King_31.jpg,True
Ophiophagus hannah,King Cobra,Elapidae,"Western Ghats, Northeast",Neurotoxic,Extremely toxic,Yes,Vulnerable,Dense forests,300,550,data/raw_images/Venomous/King Cobra/King_25.jpg,True
Ophiophagus hannah,King Cobra,Elapidae,"Western Ghats, Northeast",Neurotoxic,Extremely toxic,Yes,Vulnerable,Dense forests,300,550,data/raw_images/Venomous/King Cobra/King_7.jpg,True
Ophiophagus hannah,King Cobra,Elapidae,"Western Ghats, Northeast",Neurotoxic,Extremely toxic,Yes,Vulnerable,Dense forests,300,550,data/raw_images/Venomous/King Cobra/King_24.jpg,True
Ophiophagus hannah,King Cobra,Elapidae,"Western Ghats, Northeast",Neurotoxic,Extremely toxic,Yes,Vulnerable,Dense forests,300,550,data/raw_images/Venomous/King Cobra/King_30.jpg,True
Ophiophagus hannah,King Cobra,Elapidae,"Western Ghats, Northeast",Neurotoxic,Extremely toxic,Yes,Vulnerable,Dense forests,300,550,data/raw_images/Venomous/King Cobra/King_18.jpg,True
Ophiophagus hannah,King Cobra,Elapidae,"Western Ghats, Northeast",Neurotoxic,Extremely toxic,Yes,Vulnerable,Dense forests,300,550,data/raw_images/Venomous/King Cobra/King_34.jpg,True
Ophiophagus hannah,King Cobra,Elapidae,"Western Ghats, Northeast",Neurotoxic,Extremely toxic,Yes,Vulnerable,Dense forests,300,550,data/raw_images/Venomous/King Cobra/King_20.jpg,True
Ophiophagus hannah,King Cobra,Elapidae,"Western Ghats, Northeast",Neurotoxic,Extremely toxic,Yes,Vulnerable,Dense forests,300,550,data/raw_images/Venomous/King Cobra/King_3.jpg,True
Ophiophagus hannah,King Cobra,Elapidae,"Western Ghats, Northeast",Neurotoxic,Extremely toxic,Yes,Vulnerable,Dense forests,300,550,data/raw_images/Venomous/King Cobra/King_21.jpg,True
Ophiophagus hannah,King Cobra,Elapidae,"Western Ghats, Northeast",Neurotoxic,Extremely toxic,Yes,Vulnerable,Dense forests,300,550,data/raw_images/Venomous/King Cobra/King_35.jpg,True
Ophiophagus hannah,King Cobra,Elapidae,"Western Ghats, Northeast",Neurotoxic,Extremely toxic,Yes,Vulnerable,Dense forests,300,550,data/raw_images/Venomous/King Cobra/King_23.jpg,True
Ophiophagus hannah,King Cobra,Elapidae,"Western Ghats, Northeast",Neurotoxic,Extremely toxic,Yes,Vulnerable,Dense forests,300,550,data/raw_images/Venomous/King Cobra/King_36.jpg,True
Ophiophagus hannah,King Cobra,Elapidae,"Western Ghats, Northeast",Neurotoxic,Extremely toxic,Yes,Vulnerable,Dense forests,300,550,data/raw_images/Venomous/King Cobra/King_22.jpg,True
Ophiophagus hannah,King Cobra,Elapidae,"Western Ghats, Northeast",Neurotoxic,Extremely toxic,Yes,Vulnerable,Dense forests,300,550,data/raw_images/Venomous/King Cobra/King_92.png,True
Ophiophagus hannah,King Cobra,Elapidae,"Western Ghats, Northeast",Neurotoxic,Extremely toxic,Yes,Vulnerable,Dense forests,300,550,data/raw_images/Venomous/King Cobra/King_86.jpg,True
Ophiophagus hannah,King Cobra,Elapidae,"Western Ghats, Northeast",Neurotoxic,Extremely toxic,Yes,Vulnerable,Dense forests,300,550,data/raw_images/Venomous/King Cobra/King_79.jpg,True
Ophiophagus hannah,King Cobra,Elapidae,"Western Ghats, Northeast",Neurotoxic,Extremely toxic,Yes,Vulnerable,Dense forests,300,550,data/raw_images/Venomous/King Cobra/King_45.jpg,True
Ophiophagus hannah,King Cobra,Elapidae,"Western Ghats, Northeast",Neurotoxic,Extremely toxic,Yes,Vulnerable,Dense forests,300,550,data/raw_images/Venomous/King Cobra/King_51.jpg,True
Ophiophagus hannah,King Cobra,Elapidae,"Western Ghats, Northeast",Neurotoxic,Extremely toxic,Yes,Vulnerable,Dense forests,300,550,data/raw_images/Venomous/King Cobra/King_50.jpg,True
Ophiophagus hannah,King Cobra,Elapidae,"Western Ghats, Northeast",Neurotoxic,Extremely toxic,Yes,Vulnerable,Dense forests,300,550,data/raw_images/Venomous/King Cobra/King_44.jpg,True
Ophiophagus hannah,King Cobra,Elapidae,"Western Ghats, Northeast",Neurotoxic,Extremely toxic,Yes,Vulnerable,Dense forests,300,550,data/raw_images/Venomous/King Cobra/King_78.jpg,True
Ophiophagus hannah,King Cobra,Elapidae,"Western Ghats, Northeast",Neurotoxic,Extremely toxic,Yes,Vulnerable,Dense forests,300,550,data/raw_images/Venomous/King Cobra/King_87.jpg,True
Ophiophagus hannah,King Cobra,Elapidae,"Western Ghats, Northeast",Neurotoxic,Extremely toxic,Yes,Vulnerable,Dense forests,300,550,data/raw_images/Venomous/King Cobra/King_93.png,True
Ophiophagus hannah,King Cobra,Elapidae,"Western Ghats, Northeast",Neurotoxic,Extremely toxic,Yes,Vulnerable,Dense forests,300,550,data/raw_images/Venomous/King Cobra/King_91.jpg,True
Ophiophagus hannah,King Cobra,Elapidae,"Western Ghats, Northeast",Neurotoxic,Extremely toxic,Yes,Vulnerable,Dense forests,300,550,data/raw_images/Venomous/King Cobra/King_85.jpg,True
Ophiophagus hannah,King Cobra,Elapidae,"Western Ghats, Northeast",Neurotoxic,Extremely toxic,Yes,Vulnerable,Dense forests,300,550,data/raw_images/Venomous/King Cobra/King_52.jpg,True
Ophiophagus hannah,King Cobra,Elapidae,"Western Ghats, Northeast",Neurotoxic,Extremely toxic,Yes,Vulnerable,Dense forests,300,550,data/raw_images/Venomous/King Cobra/King_46.jpg,True
Ophiophagus hannah,King Cobra,Elapidae,"Western Ghats, Northeast",Neurotoxic,Extremely toxic,Yes,Vulnerable,Dense forests,300,550,data/raw_images/Venomous/King Cobra/King_47.jpg,True
Ophiophagus hannah,King Cobra,Elapidae,"Western Ghats, Northeast",Neurotoxic,Extremely toxic,Yes,Vulnerable,Dense forests,300,550,data/raw_images/Venomous/King Cobra/King_53.jpg,True
Ophiophagus hannah,King Cobra,Elapidae,"Western Ghats, Northeast",Neurotoxic,Extremely toxic,Yes,Vulnerable,Dense forests,300,550,data/raw_images/Venomous/King Cobra/King_84.jpg,True
Ophiophagus hannah,King Cobra,Elapidae,"Western Ghats, Northeast",Neurotoxic,Extremely toxic,Yes,Vulnerable,Dense forests,300,550,data/raw_images/Venomous/King Cobra/King_90.jpg,True
Ophiophagus hannah,King Cobra,Elapidae,"Western Ghats, Northeast",Neurotoxic,Extremely toxic,Yes,Vulnerable,Dense forests,300,550,data/raw_images/Venomous/King Cobra/King_80.jpg,True
Ophiophagus hannah,King Cobra,Elapidae,"Western Ghats, Northeast",Neurotoxic,Extremely toxic,Yes,Vulnerable,Dense forests,300,550,data/raw_images/Venomous/King Cobra/King_43.jpg,True
Ophiophagus hannah,King Cobra,Elapidae,"Western Ghats, Northeast",Neurotoxic,Extremely toxic,Yes,Vulnerable,Dense forests,300,550,data/raw_images/Venomous/King Cobra/King_42.jpg,True
Ophiophagus hannah,King Cobra,Elapidae,"Western Ghats, Northeast",Neurotoxic,Extremely toxic,Yes,Vulnerable,Dense forests,300,550,data/raw_images/Venomous/King Cobra/King_56.jpg,True
Ophiophagus hannah,King Cobra,Elapidae,"Western Ghats, Northeast",Neurotoxic,Extremely toxic,Yes,Vulnerable,Dense forests,300,550,data/raw_images/Venomous/King Cobra/King_81.jpg,True
Ophiophagus hannah,King Cobra,Elapidae,"Western Ghats, Northeast",Neurotoxic,Extremely toxic,Yes,Vulnerable,Dense forests,300,550,data/raw_images/Venomous/King Cobra/King_83.jpg,True
Ophiophagus hannah,King Cobra,Elapidae,"Western Ghats, Northeast",Neurotoxic,Extremely toxic,Yes,Vulnerable,Dense forests,300,550,data/raw_images/Venomous/King Cobra/King_40.jpg,True
Ophiophagus hannah,King Cobra,Elapidae,"Western Ghats, Northeast",Neurotoxic,Extremely toxic,Yes,Vulnerable,Dense forests,300,550,data/raw_images/Venomous/King Cobra/King_54.jpg,True
Ophiophagus hannah,King Cobra,Elapidae,"Western Ghats, Northeast",Neurotoxic,Extremely toxic,Yes,Vulnerable,Dense forests,300,550,data/raw_images/Venomous/King Cobra/King_68.jpg,True
Ophiophagus hannah,King Cobra,Elapidae,"Western Ghats, Northeast",Neurotoxic,Extremely toxic,Yes,Vulnerable,Dense forests,300,550,data/raw_images/Venomous/King Cobra/King_55.jpg,True
Ophiophagus hannah,King Cobra,Elapidae,"Western Ghats, Northeast",Neurotoxic,Extremely toxic,Yes,Vulnerable,Dense forests,300,550,data/raw_images/Venomous/King Cobra/King_41.jpg,True
Ophiophagus hannah,King Cobra,Elapidae,"Western Ghats, Northeast",Neurotoxic,Extremely toxic,Yes,Vulnerable,Dense forests,300,550,data/raw_images/Venomous/King Cobra/King_82.jpg,True
Ophiophagus hannah,King Cobra,Elapidae,"Western Ghats, Northeast",Neurotoxic,Extremely toxic,Yes,Vulnerable,Dense forests,300,550,data/raw_images/Venomous/King Cobra/King_96.jpeg,True
Ophiophagus hannah,King Cobra,Elapidae,"Western Ghats, Northeast",Neurotoxic,Extremely toxic,Yes,Vulnerable,Dense forests,300,550,data/raw_images/Venomous/King Cobra/King_64.jpg,True
Ophiophagus hannah,King Cobra,Elapidae,"Western Ghats, Northeast",Neurotoxic,Extremely toxic,Yes,Vulnerable,Dense forests,300,550,data/raw_images/Venomous/King Cobra/King_71.jpg,True
Ophiophagus hannah,King Cobra,Elapidae,"Western Ghats, Northeast",Neurotoxic,Extremely toxic,Yes,Vulnerable,Dense forests,300,550,data/raw_images/Venomous/King Cobra/King_65.jpg,True
Ophiophagus hannah,King Cobra,Elapidae,"Western Ghats, Northeast",Neurotoxic,Extremely toxic,Yes,Vulnerable,Dense forests,300,550,data/raw_images/Venomous/King Cobra/King_59.jpg,True
Ophiophagus hannah,King Cobra,Elapidae,"Western Ghats, Northeast",Neurotoxic,Extremely toxic,Yes,Vulnerable,Dense forests,300,550,data/raw_images/Venomous/King Cobra/King_95.jpeg,True
Ophiophagus hannah,King Cobra,Elapidae,"Western Ghats, Northeast",Neurotoxic,Extremely toxic,Yes,Vulnerable,Dense forests,300,550,data/raw_images/Venomous/King Cobra/King_73.jpg,True
Ophiophagus hannah,King Cobra,Elapidae,"Western Ghats, Northeast",Neurotoxic,Extremely toxic,Yes,Vulnerable,Dense forests,300,550,data/raw_images/Venomous/King Cobra/King_67.jpg,True
Ophiophagus hannah,King Cobra,Elapidae,"Western Ghats, Northeast",Neurotoxic,Extremely toxic,Yes,Vulnerable,Dense forests,300,550,data/raw_images/Venomous/King Cobra/King_66.jpg,True
Ophiophagus hannah,King Cobra,Elapidae,"Western Ghats, Northeast",Neurotoxic,Extremely toxic,Yes,Vulnerable,Dense forests,300,550,data/raw_images/Venomous/King Cobra/King_72.jpg,True
Ophiophagus hannah,King Cobra,Elapidae,"Western Ghats, Northeast",Neurotoxic,Extremely toxic,Yes,Vulnerable,Dense forests,300,550,data/raw_images/Venomous/King Cobra/King_89.jpg,True
Ophiophagus hannah,King Cobra,Elapidae,"Western Ghats, Northeast",Neurotoxic,Extremely toxic,Yes,Vulnerable,Dense forests,300,550,data/raw_images/Venomous/King Cobra/King_76.jpg,True
Ophiophagus hannah,King Cobra,Elapidae,"Western Ghats, Northeast",Neurotoxic,Extremely toxic,Yes,Vulnerable,Dense forests,300,550,data/raw_images/Venomous/King Cobra/King_62.jpg,True
Ophiophagus hannah,King Cobra,Elapidae,"Western Ghats, Northeast",Neurotoxic,Extremely toxic,Yes,Vulnerable,Dense forests,300,550,data/raw_images/Venomous/King Cobra/King_63.jpg,True
Ophiophagus hannah,King Cobra,Elapidae,"Western Ghats, Northeast",Neurotoxic,Extremely toxic,Yes,Vulnerable,Dense forests,300,550,data/raw_images/Venomous/King Cobra/King_77.jpg,True
Ophiophagus hannah,King Cobra,Elapidae,"Western Ghats, Northeast",Neurotoxic,Extremely toxic,Yes,Vulnerable,Dense forests,300,550,data/raw_images/Venomous/King Cobra/King_88.jpg,True
Ophiophagus hannah,King Cobra,Elapidae,"Western Ghats, Northeast",Neurotoxic,Extremely toxic,Yes,Vulnerable,Dense forests,300,550,data/raw_images/Venomous/King Cobra/King_94.jpeg,True
Ophiophagus hannah,King Cobra,Elapidae,"Western Ghats, Northeast",Neurotoxic,Extremely toxic,Yes,Vulnerable,Dense forests,300,550,data/raw_images/Venomous/King Cobra/King_61.jpg,True
Ophiophagus hannah,King Cobra,Elapidae,"Western Ghats, Northeast",Neurotoxic,Extremely toxic,Yes,Vulnerable,Dense forests,300,550,data/raw_images/Venomous/King Cobra/King_75.jpg,True
Ophiophagus hannah,King Cobra,Elapidae,"Western Ghats, Northeast",Neurotoxic,Extremely toxic,Yes,Vulnerable,Dense forests,300,550,data/raw_images/Venomous/King Cobra/King_49.jpg,True
Ophiophagus hannah,King Cobra,Elapidae,"Western Ghats, Northeast",Neurotoxic,Extremely toxic,Yes,Vulnerable,Dense forests,300,550,data/raw_images/Venomous/King Cobra/King_48.jpg,True
Ophiophagus hannah,King Cobra,Elapidae,"Western Ghats, Northeast",Neurotoxic,Extremely toxic,Yes,Vulnerable,Dense forests,300,550,data/raw_images/Venomous/King Cobra/King_74.jpg,True
Ophiophagus hannah,King Cobra,Elapidae,"Western Ghats, Northeast",Neurotoxic,Extremely toxic,Yes,Vulnerable,Dense forests,300,550,data/raw_images/Venomous/King Cobra/King_13.jpg,True
Ophiophagus hannah,King Cobra,Elapidae,"Western Ghats, Northeast",Neurotoxic,Extremely toxic,Yes,Vulnerable,Dense forests,300,550,data/raw_images/Venomous/King Cobra/King_12.jpg,True
Ophiophagus hannah,King Cobra,Elapidae,"Western Ghats, Northeast",Neurotoxic,Extremely toxic,Yes,Vulnerable,Dense forests,300,550,data/raw_images/Venomous/King Cobra/King_38.jpg,True
Ophiophagus hannah,King Cobra,Elapidae,"Western Ghats, Northeast",Neurotoxic,Extremely toxic,Yes,Vulnerable,Dense forests,300,550,data/raw_images/Venomous/King Cobra/King_10.jpg,True
Ophiophagus hannah,King Cobra,Elapidae,"Western Ghats, Northeast",Neurotoxic,Extremely toxic,Yes,Vulnerable,Dense forests,300,550,data/raw_images/Venomous/King Cobra/King_11.jpg,True
Ophiophagus hannah,King Cobra,Elapidae,"Western Ghats, Northeast",Neurotoxic,Extremely toxic,Yes,Vulnerable,Dense forests,300,550,data/raw_images/Venomous/King Cobra/King_39.jpg,True
Ophiophagus hannah,King Cobra,Elapidae,"Western Ghats, Northeast",Neurotoxic,Extremely toxic,Yes,Vulnerable,Dense forests,300,550,data/raw_images/Venomous/King Cobra/King_15.jpg,True
Ophiophagus hannah,King Cobra,Elapidae,"Western Ghats, Northeast",Neurotoxic,Extremely toxic,Yes,Vulnerable,Dense forests,300,550,data/raw_images/Venomous/King Cobra/King_29.jpg,True
Ophiophagus hannah,King Cobra,Elapidae,"Western Ghats, Northeast",Neurotoxic,Extremely toxic,Yes,Vulnerable,Dense forests,300,550,data/raw_images/Venomous/King Cobra/King_28.jpg,True
Ophiophagus hannah,King Cobra,Elapidae,"Western Ghats, Northeast",Neurotoxic,Extremely toxic,Yes,Vulnerable,Dense forests,300,550,data/raw_images/Venomous/King Cobra/King_14.jpg,True
Ophiophagus hannah,King Cobra,Elapidae,"Western Ghats, Northeast",Neurotoxic,Extremely toxic,Yes,Vulnerable,Dense forests,300,550,data/raw_images/Venomous/King Cobra/King_16.jpg,True
Ophiophagus hannah,King Cobra,Elapidae,"Western Ghats, Northeast",Neurotoxic,Extremely toxic,Yes,Vulnerable,Dense forests,300,550,data/raw_images/Venomous/King Cobra/King_8.jpg,True
Ophiophagus hannah,King Cobra,Elapidae,"Western Ghats, Northeast",Neurotoxic,Extremely toxic,Yes,Vulnerable,Dense forests,300,550,data/raw_images/Venomous/King Cobra/King_9.jpg,True
Ophiophagus hannah,King Cobra,Elapidae,"Western Ghats, Northeast",Neurotoxic,Extremely toxic,Yes,Vulnerable,Dense forests,300,550,data/raw_images/Venomous/King Cobra/King_17.jpg,True
Naja kaouthia,Monocled Cobra,Elapidae,North-East India,"Neurotoxic, Cytotoxic",Extremely toxic,Yes,Least Concern,Agricultural lands,150,230,data/raw_images/Venomous/Monocled Cobra/Monocled_16.jpg,True
Naja kaouthia,Monocled Cobra,Elapidae,North-East India,"Neurotoxic, Cytotoxic",Extremely toxic,Yes,Least Concern,Agricultural lands,150,230,data/raw_images/Venomous/Monocled Cobra/Monocled_17.jpg,True
Naja kaouthia,Monocled Cobra,Elapidae,North-East India,"Neurotoxic, Cytotoxic",Extremely toxic,Yes,Least Concern,Agricultural lands,150,230,data/raw_images/Venomous/Monocled Cobra/Monocled_15.jpg,True
Naja kaouthia,Monocled Cobra,Elapidae,North-East India,"Neurotoxic, Cytotoxic",Extremely toxic,Yes,Least Concern,Agricultural lands,150,230,data/raw_images/Venomous/Monocled Cobra/Monocled_14.jpg,True
Naja kaouthia,Monocled Cobra,Elapidae,North-East India,"Neurotoxic, Cytotoxic",Extremely toxic,Yes,Least Concern,Agricultural lands,150,230,data/raw_images/Venomous/Monocled Cobra/Monocled_28.jpg,True
Naja kaouthia,Monocled Cobra,Elapidae,North-East India,"Neurotoxic, Cytotoxic",Extremely toxic,Yes,Least Concern,Agricultural lands,150,230,data/raw_images/Venomous/Monocled Cobra/Monocled_10.jpg,True
Naja kaouthia,Monocled Cobra,Elapidae,North-East India,"Neurotoxic, Cytotoxic",Extremely toxic,Yes,Least Concern,Agricultural lands,150,230,data/raw_images/Venomous/Monocled Cobra/Monocled_38.jpg,True
Naja kaouthia,Monocled Cobra,Elapidae,North-East India,"Neurotoxic, Cytotoxic",Extremely toxic,Yes,Least Concern,Agricultural lands,150,230,data/raw_images/Venomous/Monocled Cobra/Monocled_39.jpg,True
Naja kaouthia,Monocled Cobra,Elapidae,North-East India,"Neurotoxic, Cytotoxic",Extremely toxic,Yes,Least Concern,Agricultural lands,150,230,data/raw_images/Venomous/Monocled Cobra/Monocled_11.jpg,True
Naja kaouthia,Monocled Cobra,Elapidae,North-East India,"Neurotoxic, Cytotoxic",Extremely toxic,Yes,Least Concern,Agricultural lands,150,230,data/raw_images/Venomous/Monocled Cobra/Monocled_9.jpg,True
Naja kaouthia,Monocled Cobra,Elapidae,North-East India,"Neurotoxic, Cytotoxic",Extremely toxic,Yes,Least Concern,Agricultural lands,150,230,data/raw_images/Venomous/Monocled Cobra/Monocled_13.jpg,True
Naja kaouthia,Monocled Cobra,Elapidae,North-East India,"Neurotoxic, Cytotoxic",Extremely toxic,Yes,Least Concern,Agricultural lands,150,230,data/raw_images/Venomous/Monocled Cobra/Monocled_12.jpg,True
Naja kaouthia,Monocled Cobra,Elapidae,North-East India,"Neurotoxic, Cytotoxic",Extremely toxic,Yes,Least Concern,Agricultural lands,150,230,data/raw_images/Venomous/Monocled Cobra/Monocled_8.jpg,True
Naja kaouthia,Monocled Cobra,Elapidae,North-East India,"Neurotoxic, Cytotoxic",Extremely toxic,Yes,Least Concern,Agricultural lands,150,230,data/raw_images/Venomous/Monocled Cobra/Monocled_49.jpg,True
Naja kaouthia,Monocled Cobra,Elapidae,North-East India,"Neurotoxic, Cytotoxic",Extremely toxic,Yes,Least Concern,Agricultural lands,150,230,data/raw_images/Venomous/Monocled Cobra/Monocled_75.jpg,True
Naja kaouthia,Monocled Cobra,Elapidae,North-East India,"Neurotoxic, Cytotoxic",Extremely toxic,Yes,Least Concern,Agricultural lands,150,230,data/raw_images/Venomous/Monocled Cobra/Monocled_61.jpg,True
Naja kaouthia,Monocled Cobra,Elapidae,North-East India,"Neurotoxic, Cytotoxic",Extremely toxic,Yes,Least Concern,Agricultural lands,150,230,data/raw_images/Venomous/Monocled Cobra/Monocled_74.jpg,True
Naja kaouthia,Monocled Cobra,Elapidae,North-East India,"Neurotoxic, Cytotoxic",Extremely toxic,Yes,Least Concern,Agricultural lands,150,230,data/raw_images/Venomous/Monocled Cobra/Monocled_48.jpg,True
Naja kaouthia,Monocled Cobra,Elapidae,North-East India,"Neurotoxic, Cytotoxic",Extremely toxic,Yes,Least Concern,Agricultural lands,150,230,data/raw_images/Venomous/Monocled Cobra/Monocled_76.jpg,True
Naja kaouthia,Monocled Cobra,Elapidae,North-East India,"Neurotoxic, Cytotoxic",Extremely toxic,Yes,Least Concern,Agricultural lands,150,230,data/raw_images/Venomous/Monocled Cobra/Monocled_89.jpg,True
Naja kaouthia,Monocled Cobra,Elapidae,North-East India,"Neurotoxic, Cytotoxic",Extremely toxic,Yes,Least Concern,Agricultural lands,150,230,data/raw_images/Venomous/Monocled Cobra/Monocled_88.jpg,True
Naja kaouthia,Monocled Cobra,Elapidae,North-East India,"Neurotoxic, Cytotoxic",Extremely toxic,Yes,Least Concern,Agricultural lands,150,230,data/raw_images/Venomous/Monocled Cobra/Monocled_77.jpg,True
Naja kaouthia,Monocled Cobra,Elapidae,North-East India,"Neurotoxic, Cytotoxic",Extremely toxic,Yes,Least Concern,Agricultural lands,150,230,data/raw_images/Venomous/Monocled Cobra/Monocled_101.jpeg,True
Naja kaouthia,Monocled Cobra,Elapidae,North-East India,"Neurotoxic, Cytotoxic",Extremely toxic,Yes,Least Concern,Agricultural lands,150,230,data/raw_images/Venomous/Monocled Cobra/Monocled_100.jpeg,True
Naja kaouthia,Monocled Cobra,Elapidae,North-East India,"Neurotoxic, Cytotoxic",Extremely toxic,Yes,Least Concern,Agricultural lands,150,230,data/raw_images/Venomous/Monocled Cobra/Monocled_67.jpg,True
Naja kaouthia,Monocled Cobra,Elapidae,North-East India,"Neurotoxic, Cytotoxic",Extremely toxic,Yes,Least Concern,Agricultural lands,150,230,data/raw_images/Venomous/Monocled Cobra/Monocled_73.jpg,True
Naja kaouthia,Monocled Cobra,Elapidae,North-East India,"Neurotoxic, Cytotoxic",Extremely toxic,Yes,Least Concern,Agricultural lands,150,230,data/raw_images/Venomous/Monocled Cobra/Monocled_98.png,True
Naja kaouthia,Monocled Cobra,Elapidae,North-East India,"Neurotoxic, Cytotoxic",Extremely toxic,Yes,Least Concern,Agricultural lands,150,230,data/raw_images/Venomous/Monocled Cobra/Monocled_70.jpg,True
Naja kaouthia,Monocled Cobra,Elapidae,North-East India,"Neurotoxic, Cytotoxic",Extremely toxic,Yes,Least Concern,Agricultural lands,150,230,data/raw_images/Venomous/Monocled Cobra/Monocled_64.jpg,True
Naja kaouthia,Monocled Cobra,Elapidae,North-East India,"Neurotoxic, Cytotoxic",Extremely toxic,Yes,Least Concern,Agricultural lands,150,230,data/raw_images/Venomous/Monocled Cobra/Monocled_59.jpg,True
Naja kaouthia,Monocled Cobra,Elapidae,North-East India,"Neurotoxic, Cytotoxic",Extremely toxic,Yes,Least Concern,Agricultural lands,150,230,data/raw_images/Venomous/Monocled Cobra/Monocled_65.jpg,True
Naja kaouthia,Monocled Cobra,Elapidae,North-East India,"Neurotoxic, Cytotoxic",Extremely toxic,Yes,Least Concern,Agricultural lands,150,230,data/raw_images/Venomous/Monocled Cobra/Monocled_68.jpg,True
Naja kaouthia,Monocled Cobra,Elapidae,North-East India,"Neurotoxic, Cytotoxic",Extremely toxic,Yes,Least Concern,Agricultural lands,150,230,data/raw_images/Venomous/Monocled Cobra/Monocled_54.jpg,True
Naja kaouthia,Monocled Cobra,Elapidae,North-East India,"Neurotoxic, Cytotoxic",Extremely toxic,Yes,Least Concern,Agricultural lands,150,230,data/raw_images/Venomous/Monocled Cobra/Monocled_40.JPG,True
Naja kaouthia,Monocled Cobra,Elapidae,North-East India,"Neurotoxic, Cytotoxic",Extremely toxic,Yes,Least Concern,Agricultural lands,150,230,data/raw_images/Venomous/Monocled Cobra/Monocled_83.jpg,True
Naja kaouthia,Monocled Cobra,Elapidae,North-East India,"Neurotoxic, Cytotoxic",Extremely toxic,Yes,Least Concern,Agricultural lands,150,230,data/raw_images/Venomous/Monocled Cobra/Monocled_97.png,True
Naja kaouthia,Monocled Cobra,Elapidae,North-East India,"Neurotoxic, Cytotoxic",Extremely toxic,Yes,Least Concern,Agricultural lands,150,230,data/raw_images/Venomous/Monocled Cobra/Monocled_96.png,True
Naja kaouthia,Monocled Cobra,Elapidae,North-East India,"Neurotoxic, Cytotoxic",Extremely toxic,Yes,Least Concern,Agricultural lands,150,230,data/raw_images/Venomous/Monocled Cobra/Monocled_82.jpg,True
Naja kaouthia,Monocled Cobra,Elapidae,North-East India,"Neurotoxic, Cytotoxic",Extremely toxic,Yes,Least Concern,Agricultural lands,150,230,data/raw_images/Venomous/Monocled Cobra/Monocled_55.jpg,True
Naja kaouthia,Monocled Cobra,Elapidae,North-East India,"Neurotoxic, Cytotoxic",Extremely toxic,Yes,Least Concern,Agricultural lands,150,230,data/raw_images/Venomous/Monocled Cobra/Monocled_69.jpg,True
Naja kaouthia,Monocled Cobra,Elapidae,North-East India,"Neurotoxic, Cytotoxic",Extremely toxic,Yes,Least Concern,Agricultural lands,150,230,data/raw_images/Venomous/Monocled Cobra/Monocled_43.jpg,True
Naja kaouthia,Monocled Cobra,Elapidae,North-East India,"Neurotoxic, Cytotoxic",Extremely toxic,Yes,Least Concern,Agricultural lands,150,230,data/raw_images/Venomous/Monocled Cobra/Monocled_57.jpg,True
Naja kaouthia,Monocled Cobra,Elapidae,North-East India,"Neurotoxic, Cytotoxic",Extremely toxic,Yes,Least Concern,Agricultural lands,150,230,data/raw_images/Venomous/Monocled Cobra/Monocled_80.jpg,True
Naja kaouthia,Monocled Cobra,Elapidae,North-East India,"Neurotoxic, Cytotoxic",Extremely toxic,Yes,Least Concern,Agricultural lands,150,230,data/raw_images/Venomous/Monocled Cobra/Monocled_94.jpg,True
Naja kaouthia,Monocled Cobra,Elapidae,North-East India,"Neurotoxic, Cytotoxic",Extremely toxic,Yes,Least Concern,Agricultural lands,150,230,data/raw_images/Venomous/Monocled Cobra/Monocled_95.jpg,True
Naja kaouthia,Monocled Cobra,Elapidae,North-East India,"Neurotoxic, Cytotoxic",Extremely toxic,Yes,Least Concern,Agricultural lands,150,230,data/raw_images/Venomous/Monocled Cobra/Monocled_81.jpg,True
Naja kaouthia,Monocled Cobra,Elapidae,North-East India,"Neurotoxic, Cytotoxic",Extremely toxic,Yes,Least Concern,Agricultural lands,150,230,data/raw_images/Venomous/Monocled Cobra/Monocled_56.jpg,True
Naja kaouthia,Monocled Cobra,Elapidae,North-East India,"Neurotoxic, Cytotoxic",Extremely toxic,Yes,Least Concern,Agricultural lands,150,230,data/raw_images/Venomous/Monocled Cobra/Monocled_42.jpg,True
Naja kaouthia,Monocled Cobra,Elapidae,North-East India,"Neurotoxic, Cytotoxic",Extremely toxic,Yes,Least Concern,Agricultural lands,150,230,data/raw_images/Venomous/Monocled Cobra/Monocled_46.jpg,True
Naja kaouthia,Monocled Cobra,Elapidae,North-East India,"Neurotoxic, Cytotoxic",Extremely toxic,Yes,Least Concern,Agricultural lands,150,230,data/raw_images/Venomous/Monocled Cobra/Monocled_52.jpg,True
Naja kaouthia,Monocled Cobra,Elapidae,North-East India,"Neurotoxic, Cytotoxic",Extremely toxic,Yes,Least Concern,Agricultural lands,150,230,data/raw_images/Venomous/Monocled Cobra/Monocled_85.jpg,True
Naja kaouthia,Monocled Cobra,Elapidae,North-East India,"Neurotoxic, Cytotoxic",Extremely toxic,Yes,Least Concern,Agricultural lands,150,230,data/raw_images/Venomous/Monocled Cobra/Monocled_90.jpg,True
Naja kaouthia,Monocled Cobra,Elapidae,North-East India,"Neurotoxic, Cytotoxic",Extremely toxic,Yes,Least Concern,Agricultural lands,150,230,data/raw_images/Venomous/Monocled Cobra/Monocled_84.jpg,True
Naja kaouthia,Monocled Cobra,Elapidae,North-East India,"Neurotoxic, Cytotoxic",Extremely toxic,Yes,Least Concern,Agricultural lands,150,230,data/raw_images/Venomous/Monocled Cobra/Monocled_53.jpg,True
Naja kaouthia,Monocled Cobra,Elapidae,North-East India,"Neurotoxic, Cytotoxic",Extremely toxic,Yes,Least Concern,Agricultural lands,150,230,data/raw_images/Venomous/Monocled Cobra/Monocled_47.jpg,True
Naja kaouthia,Monocled Cobra,Elapidae,North-East India,"Neurotoxic, Cytotoxic",Extremely toxic,Yes,Least Concern,Agricultural lands,150,230,data/raw_images/Venomous/Monocled Cobra/Monocled_102.jpeg,True
Naja kaouthia,Monocled Cobra,Elapidae,North-East India,"Neurotoxic, Cytotoxic",Extremely toxic,Yes,Least Concern,Agricultural lands,150,230,data/raw_images/Venomous/Monocled Cobra/Monocled_79.jpg,True
Naja kaouthia,Monocled Cobra,Elapidae,North-East India,"Neurotoxic, Cytotoxic",Extremely toxic,Yes,Least Concern,Agricultural lands,150,230,data/raw_images/Venomous/Monocled Cobra/Monocled_86.jpg,True
Naja kaouthia,Monocled Cobra,Elapidae,North-East India,"Neurotoxic, Cytotoxic",Extremely toxic,Yes,Least Concern,Agricultural lands,150,230,data/raw_images/Venomous/Monocled Cobra/Monocled_87.jpg,True
Naja kaouthia,Monocled Cobra,Elapidae,North-East India,"Neurotoxic, Cytotoxic",Extremely toxic,Yes,Least Concern,Agricultural lands,150,230,data/raw_images/Venomous/Monocled Cobra/Monocled_44.jpg,True
Naja kaouthia,Monocled Cobra,Elapidae,North-East India,"Neurotoxic, Cytotoxic",Extremely toxic,Yes,Least Concern,Agricultural lands,150,230,data/raw_images/Venomous/Monocled Cobra/Monocled_50.jpg,True
Naja kaouthia,Monocled Cobra,Elapidae,North-East India,"Neurotoxic, Cytotoxic",Extremely toxic,Yes,Least Concern,Agricultural lands,150,230,data/raw_images/Venomous/Monocled Cobra/Monocled_5.jpg,True
Naja kaouthia,Monocled Cobra,Elapidae,North-East India,"Neurotoxic, Cytotoxic",Extremely toxic,Yes,Least Concern,Agricultural lands,150,230,data/raw_images/Venomous/Monocled Cobra/Monocled_37.jpg,True
Naja kaouthia,Monocled Cobra,Elapidae,North-East India,"Neurotoxic, Cytotoxic",Extremely toxic,Yes,Least Concern,Agricultural lands,150,230,data/raw_images/Venomous/Monocled Cobra/Monocled_23.jpg,True
Naja kaouthia,Monocled Cobra,Elapidae,North-East India,"Neurotoxic, Cytotoxic",Extremely toxic,Yes,Least Concern,Agricultural lands,150,230,data/raw_images/Venomous/Monocled Cobra/Monocled_22.jpg,True
Naja kaouthia,Monocled Cobra,Elapidae,North-East India,"Neurotoxic, Cytotoxic",Extremely toxic,Yes,Least Concern,Agricultural lands,150,230,data/raw_images/Venomous/Monocled Cobra/Monocled_36.jpg,True
Naja kaouthia,Monocled Cobra,Elapidae,North-East India,"Neurotoxic, Cytotoxic",Extremely toxic,Yes,Least Concern,Agricultural lands,150,230,data/raw_images/Venomous/Monocled Cobra/Monocled_6.jpg,True
Naja kaouthia,Monocled Cobra,Elapidae,North-East India,"Neurotoxic, Cytotoxic",Extremely toxic,Yes,Least Concern,Agricultural lands,150,230,data/raw_images/Venomous/Monocled Cobra/Monocled_20.jpg,True
Naja kaouthia,Monocled Cobra,Elapidae,North-East India,"Neurotoxic, Cytotoxic",Extremely toxic,Yes,Least Concern,Agricultural lands,150,230,data/raw_images/Venomous/Monocled Cobra/Monocled_34.JPG,True
Naja kaouthia,Monocled Cobra,Elapidae,North-East India,"Neurotoxic, Cytotoxic",Extremely toxic,Yes,Least Concern,Agricultural lands,150,230,data/raw_images/Venomous/Monocled Cobra/Monocled_21.jpg,True
Naja kaouthia,Monocled Cobra,Elapidae,North-East India,"Neurotoxic, Cytotoxic",Extremely toxic,Yes,Least Concern,Agricultural lands,150,230,data/raw_images/Venomous/Monocled Cobra/Monocled_19.jpg,True
Naja kaouthia,Monocled Cobra,Elapidae,North-East India,"Neurotoxic, Cytotoxic",Extremely toxic,Yes,Least Concern,Agricultural lands,150,230,data/raw_images/Venomous/Monocled Cobra/Monocled_18.jpg,True
Naja kaouthia,Monocled Cobra,Elapidae,North-East India,"Neurotoxic, Cytotoxic",Extremely toxic,Yes,Least Concern,Agricultural lands,150,230,data/raw_images/Venomous/Monocled Cobra/Monocled_2.jpg,True
Naja kaouthia,Monocled Cobra,Elapidae,North-East India,"Neurotoxic, Cytotoxic",Extremely toxic,Yes,Least Concern,Agricultural lands,150,230,data/raw_images/Venomous/Monocled Cobra/Monocled_26.jpg,True
Naja kaouthia,Monocled Cobra,Elapidae,North-East India,"Neurotoxic, Cytotoxic",Extremely toxic,Yes,Least Concern,Agricultural lands,150,230,data/raw_images/Venomous/Monocled Cobra/Monocled_27.jpg,True
Naja kaouthia,Monocled Cobra,Elapidae,North-East India,"Neurotoxic, Cytotoxic",Extremely toxic,Yes,Least Concern,Agricultural lands,150,230,data/raw_images/Venomous/Monocled Cobra/Monocled_99.jpeg,True
Naja naja,Spectacled Cobra,Elapidae,Pan-India,"Neurotoxic, Cytotoxic",Extremely toxic,Yes,Least Concern,Varied habitats,120,220,data/raw_images/Venomous/Spectacled Cobra/000032.jpg,True
Naja naja,Spectacled Cobra,Elapidae,Pan-India,"Neurotoxic, Cytotoxic",Extremely toxic,Yes,Least Concern,Varied habitats,120,220,data/raw_images/Venomous/Spectacled Cobra/000027.jpg,True
Naja naja,Spectacled Cobra,Elapidae,Pan-India,"Neurotoxic, Cytotoxic",Extremely toxic,Yes,Least Concern,Varied habitats,120,220,data/raw_images/Venomous/Spectacled Cobra/Spectacled_8.jpg,True
Naja naja,Spectacled Cobra,Elapidae,Pan-India,"Neurotoxic, Cytotoxic",Extremely toxic,Yes,Least Concern,Varied habitats,120,220,data/raw_images/Venomous/Spectacled Cobra/Spectacled_31.jpg,True
Naja naja,Spectacled Cobra,Elapidae,Pan-India,"Neurotoxic, Cytotoxic",Extremely toxic,Yes,Least Concern,Varied habitats,120,220,data/raw_images/Venomous/Spectacled Cobra/Spectacled_25.jpg,True
Naja naja,Spectacled Cobra,Elapidae,Pan-India,"Neurotoxic, Cytotoxic",Extremely toxic,Yes,Least Concern,Varied habitats,120,220,data/raw_images/Venomous/Spectacled Cobra/000031.jpg,True
Naja naja,Spectacled Cobra,Elapidae,Pan-India,"Neurotoxic, Cytotoxic",Extremely toxic,Yes,Least Concern,Varied habitats,120,220,data/raw_images/Venomous/Spectacled Cobra/000018.jpg,True
Naja naja,Spectacled Cobra,Elapidae,Pan-India,"Neurotoxic, Cytotoxic",Extremely toxic,Yes,Least Concern,Varied habitats,120,220,data/raw_images/Venomous/Spectacled Cobra/Spectacled_62.jpeg,True
Naja naja,Spectacled Cobra,Elapidae,Pan-India,"Neurotoxic, Cytotoxic",Extremely toxic,Yes,Least Concern,Varied habitats,120,220,data/raw_images/Venomous/Spectacled Cobra/Spectacled_24.jpg,True
Naja naja,Spectacled Cobra,Elapidae,Pan-India,"Neurotoxic, Cytotoxic",Extremely toxic,Yes,Least Concern,Varied habitats,120,220,data/raw_images/Venomous/Spectacled Cobra/Spectacled_30.jpg,True
Naja naja,Spectacled Cobra,Elapidae,Pan-India,"Neurotoxic, Cytotoxic",Extremely toxic,Yes,Least Concern,Varied habitats,120,220,data/raw_images/Venomous/Spectacled Cobra/Spectacled_63.jpeg,True
Naja naja,Spectacled Cobra,Elapidae,Pan-India,"Neurotoxic, Cytotoxic",Extremely toxic,Yes,Least Concern,Varied habitats,120,220,data/raw_images/Venomous/Spectacled Cobra/000008.jpg,True
Naja naja,Spectacled Cobra,Elapidae,Pan-India,"Neurotoxic, Cytotoxic",Extremely toxic,Yes,Least Concern,Varied habitats,120,220,data/raw_images/Venomous/Spectacled Cobra/000009.jpg,True
Naja naja,Spectacled Cobra,Elapidae,Pan-India,"Neurotoxic, Cytotoxic",Extremely toxic,Yes,Least Concern,Varied habitats,120,220,data/raw_images/Venomous/Spectacled Cobra/000021.png,True
Naja naja,Spectacled Cobra,Elapidae,Pan-India,"Neurotoxic, Cytotoxic",Extremely toxic,Yes,Least Concern,Varied habitats,120,220,data/raw_images/Venomous/Spectacled Cobra/Spectacled_21.jpg,True
Naja naja,Spectacled Cobra,Elapidae,Pan-India,"Neurotoxic, Cytotoxic",Extremely toxic,Yes,Least Concern,Varied habitats,120,220,data/raw_images/Venomous/Spectacled Cobra/Spectacled_35.jpg,True
Naja naja,Spectacled Cobra,Elapidae,Pan-India,"Neurotoxic, Cytotoxic",Extremely toxic,Yes,Least Concern,Varied habitats,120,220,data/raw_images/Venomous/Spectacled Cobra/000023.jpg,True
Naja naja,Spectacled Cobra,Elapidae,Pan-India,"Neurotoxic, Cytotoxic",Extremely toxic,Yes,Least Concern,Varied habitats,120,220,data/raw_images/Venomous/Spectacled Cobra/000037.jpg,True
Naja naja,Spectacled Cobra,Elapidae,Pan-India,"Neurotoxic, Cytotoxic",Extremely toxic,Yes,Least Concern,Varied habitats,120,220,data/raw_images/Venomous/Spectacled Cobra/000036.jpg,True
Naja naja,Spectacled Cobra,Elapidae,Pan-India,"Neurotoxic, Cytotoxic",Extremely toxic,Yes,Least Concern,Varied habitats,120,220,data/raw_images/Venomous/Spectacled Cobra/000022.jpg,True
Naja naja,Spectacled Cobra,Elapidae,Pan-India,"Neurotoxic, Cytotoxic",Extremely toxic,Yes,Least Concern,Varied habitats,120,220,data/raw_images/Venomous/Spectacled Cobra/Spectacled_36.JPG,True
Naja naja,Spectacled Cobra,Elapidae,Pan-India,"Neurotoxic, Cytotoxic",Extremely toxic,Yes,Least Concern,Varied habitats,120,220,data/raw_images/Venomous/Spectacled Cobra/Spectacled_22.jpg,True
Naja naja,Spectacled Cobra,Elapidae,Pan-India,"Neurotoxic, Cytotoxic",Extremely toxic,Yes,Least Concern,Varied habitats,120,220,data/raw_images/Venomous/Spectacled Cobra/000045.jpg,True
Naja naja,Spectacled Cobra,Elapidae,Pan-India,"Neurotoxic, Cytotoxic",Extremely toxic,Yes,Least Concern,Varied habitats,120,220,data/raw_images/Venomous/Spectacled Cobra/Spectacled_64.jpeg,True
Naja naja,Spectacled Cobra,Elapidae,Pan-India,"Neurotoxic, Cytotoxic",Extremely toxic,Yes,Least Concern,Varied habitats,120,220,data/raw_images/Venomous/Spectacled Cobra/Spectacled_50.jpg,True
Naja naja,Spectacled Cobra,Elapidae,Pan-India,"Neurotoxic, Cytotoxic",Extremely toxic,Yes,Least Concern,Varied habitats,120,220,data/raw_images/Venomous/Spectacled Cobra/Spectacled_44.jpg,True
Naja naja,Spectacled Cobra,Elapidae,Pan-India,"Neurotoxic, Cytotoxic",Extremely toxic,Yes,Least Concern,Varied habitats,120,220,data/raw_images/Venomous/Spectacled Cobra/000052.jpg,True
Naja naja,Spectacled Cobra,Elapidae,Pan-India,"Neurotoxic, Cytotoxic",Extremely toxic,Yes,Least Concern,Varied habitats,120,220,data/raw_images/Venomous/Spectacled Cobra/000046.jpg,True
Naja naja,Spectacled Cobra,Elapidae,Pan-India,"Neurotoxic, Cytotoxic",Extremely toxic,Yes,Least Concern,Varied habitats,120,220,data/raw_images/Venomous/Spectacled Cobra/000053.jpg,True
Naja naja,Spectacled Cobra,Elapidae,Pan-India,"Neurotoxic, Cytotoxic",Extremely toxic,Yes,Least Concern,Varied habitats,120,220,data/raw_images/Venomous/Spectacled Cobra/Spectacled_47.jpg,True
Naja naja,Spectacled Cobra,Elapidae,Pan-India,"Neurotoxic, Cytotoxic",Extremely toxic,Yes,Least Concern,Varied habitats,120,220,data/raw_images/Venomous/Spectacled Cobra/Spectacled_53.jpg,True
Naja naja,Spectacled Cobra,Elapidae,Pan-India,"Neurotoxic, Cytotoxic",Extremely toxic,Yes,Least Concern,Varied habitats,120,220,data/raw_images/Venomous/Spectacled Cobra/Spectacled_43.jpg,True
Naja naja,Spectacled Cobra,Elapidae,Pan-India,"Neurotoxic, Cytotoxic",Extremely toxic,Yes,Least Concern,Varied habitats,120,220,data/raw_images/Venomous/Spectacled Cobra/000057.jpg,True
Naja naja,Spectacled Cobra,Elapidae,Pan-India,"Neurotoxic, Cytotoxic",Extremely toxic,Yes,Least Concern,Varied habitats,120,220,data/raw_images/Venomous/Spectacled Cobra/000043.jpg,True
Naja naja,Spectacled Cobra,Elapidae,Pan-India,"Neurotoxic, Cytotoxic",Extremely toxic,Yes,Least Concern,Varied habitats,120,220,data/raw_images/Venomous/Spectacled Cobra/000056.jpg,True
Naja naja,Spectacled Cobra,Elapidae,Pan-India,"Neurotoxic, Cytotoxic",Extremely toxic,Yes,Least Concern,Varied habitats,120,220,data/raw_images/Venomous/Spectacled Cobra/Spectacled_42.jpg,True
Naja naja,Spectacled Cobra,Elapidae,Pan-India,"Neurotoxic, Cytotoxic",Extremely toxic,Yes,Least Concern,Varied habitats,120,220,data/raw_images/Venomous/Spectacled Cobra/Spectacled_56.jpg,True
Naja naja,Spectacled Cobra,Elapidae,Pan-India,"Neurotoxic, Cytotoxic",Extremely toxic,Yes,Least Concern,Varied habitats,120,220,data/raw_images/Venomous/Spectacled Cobra/Spectacled_54.jpg,True
Naja naja,Spectacled Cobra,Elapidae,Pan-India,"Neurotoxic, Cytotoxic",Extremely toxic,Yes,Least Concern,Varied habitats,120,220,data/raw_images/Venomous/Spectacled Cobra/000054.jpg,True
Naja naja,Spectacled Cobra,Elapidae,Pan-India,"Neurotoxic, Cytotoxic",Extremely toxic,Yes,Least Concern,Varied habitats,120,220,data/raw_images/Venomous/Spectacled Cobra/000069.jpg,True
Naja naja,Spectacled Cobra,Elapidae,Pan-India,"Neurotoxic, Cytotoxic",Extremely toxic,Yes,Least Concern,Varied habitats,120,220,data/raw_images/Venomous/Spectacled Cobra/000055.jpg,True
Naja naja,Spectacled Cobra,Elapidae,Pan-India,"Neurotoxic, Cytotoxic",Extremely toxic,Yes,Least Concern,Varied habitats,120,220,data/raw_images/Venomous/Spectacled Cobra/000041.jpg,True
Naja naja,Spectacled Cobra,Elapidae,Pan-India,"Neurotoxic, Cytotoxic",Extremely toxic,Yes,Least Concern,Varied habitats,120,220,data/raw_images/Venomous/Spectacled Cobra/Spectacled_41.jpg,True
Naja naja,Spectacled Cobra,Elapidae,Pan-India,"Neurotoxic, Cytotoxic",Extremely toxic,Yes,Least Concern,Varied habitats,120,220,data/raw_images/Venomous/Spectacled Cobra/000070.jpg,True
Naja naja,Spectacled Cobra,Elapidae,Pan-India,"Neurotoxic, Cytotoxic",Extremely toxic,Yes,Least Concern,Varied habitats,120,220,data/raw_images/Venomous/Spectacled Cobra/000065.jpg,True
Naja naja,Spectacled Cobra,Elapidae,Pan-India,"Neurotoxic, Cytotoxic",Extremely toxic,Yes,Least Concern,Varied habitats,120,220,data/raw_images/Venomous/Spectacled Cobra/000059.jpg,True
Naja naja,Spectacled Cobra,Elapidae,Pan-India,"Neurotoxic, Cytotoxic",Extremely toxic,Yes,Least Concern,Varied habitats,120,220,data/raw_images/Venomous/Spectacled Cobra/000067.jpg,True
Naja naja,Spectacled Cobra,Elapidae,Pan-India,"Neurotoxic, Cytotoxic",Extremely toxic,Yes,Least Concern,Varied habitats,120,220,data/raw_images/Venomous/Spectacled Cobra/000066.jpg,True
Naja naja,Spectacled Cobra,Elapidae,Pan-India,"Neurotoxic, Cytotoxic",Extremely toxic,Yes,Least Concern,Varied habitats,120,220,data/raw_images/Venomous/Spectacled Cobra/000072.jpg,True
Naja naja,Spectacled Cobra,Elapidae,Pan-India,"Neurotoxic, Cytotoxic",Extremely toxic,Yes,Least Concern,Varied habitats,120,220,data/raw_images/Venomous/Spectacled Cobra/000076.jpg,True
Naja naja,Spectacled Cobra,Elapidae,Pan-India,"Neurotoxic, Cytotoxic",Extremely toxic,Yes,Least Concern,Varied habitats,120,220,data/raw_images/Venomous/Spectacled Cobra/000062.jpg,True
Naja naja,Spectacled Cobra,Elapidae,Pan-India,"Neurotoxic, Cytotoxic",Extremely toxic,Yes,Least Concern,Varied habitats,120,220,data/raw_images/Venomous/Spectacled Cobra/000063.jpg,True
Naja naja,Spectacled Cobra,Elapidae,Pan-India,"Neurotoxic, Cytotoxic",Extremely toxic,Yes,Least Concern,Varied habitats,120,220,data/raw_images/Venomous/Spectacled Cobra/Spectacled_49.jpg,True
Naja naja,Spectacled Cobra,Elapidae,Pan-India,"Neurotoxic, Cytotoxic",Extremely toxic,Yes,Least Concern,Varied habitats,120,220,data/raw_images/Venomous/Spectacled Cobra/000049.jpg,True
Naja naja,Spectacled Cobra,Elapidae,Pan-India,"Neurotoxic, Cytotoxic",Extremely toxic,Yes,Least Concern,Varied habitats,120,220,data/raw_images/Venomous/Spectacled Cobra/000074.jpg,True
Naja naja,Spectacled Cobra,Elapidae,Pan-India,"Neurotoxic, Cytotoxic",Extremely toxic,Yes,Least Concern,Varied habitats,120,220,data/raw_images/Venomous/Spectacled Cobra/000060.jpg,True
Naja naja,Spectacled Cobra,Elapidae,Pan-India,"Neurotoxic, Cytotoxic",Extremely toxic,Yes,Least Concern,Varied habitats,120,220,data/raw_images/Venomous/Spectacled Cobra/Spectacled_60.png,True
Naja naja,Spectacled Cobra,Elapidae,Pan-India,"Neurotoxic, Cytotoxic",Extremely toxic,Yes,Least Concern,Varied habitats,120,220,data/raw_images/Venomous/Spectacled Cobra/Spectacled_48.jpg,True
Naja naja,Spectacled Cobra,Elapidae,Pan-India,"Neurotoxic, Cytotoxic",Extremely toxic,Yes,Least Concern,Varied habitats,120,220,data/raw_images/Venomous/Spectacled Cobra/000013.jpg,True
Naja naja,Spectacled Cobra,Elapidae,Pan-India,"Neurotoxic, Cytotoxic",Extremely toxic,Yes,Least Concern,Varied habitats,120,220,data/raw_images/Venomous/Spectacled Cobra/000012.jpg,True
Naja naja,Spectacled Cobra,Elapidae,Pan-India,"Neurotoxic, Cytotoxic",Extremely toxic,Yes,Least Concern,Varied habitats,120,220,data/raw_images/Venomous/Spectacled Cobra/000006.jpg,True
Naja naja,Spectacled Cobra,Elapidae,Pan-India,"Neurotoxic, Cytotoxic",Extremely toxic,Yes,Least Concern,Varied habitats,120,220,data/raw_images/Venomous/Spectacled Cobra/Spectacled_1.jpg,True
Naja naja,Spectacled Cobra,Elapidae,Pan-India,"Neurotoxic, Cytotoxic",Extremely toxic,Yes,Least Concern,Varied habitats,120,220,data/raw_images/Venomous/Spectacled Cobra/Spectacled_12.jpg,True
Naja naja,Spectacled Cobra,Elapidae,Pan-India,"Neurotoxic, Cytotoxic",Extremely toxic,Yes,Least Concern,Varied habitats,120,220,data/raw_images/Venomous/Spectacled Cobra/Spectacled_38.jpg,True
Naja naja,Spectacled Cobra,Elapidae,Pan-India,"Neurotoxic, Cytotoxic",Extremely toxic,Yes,Least Concern,Varied habitats,120,220,data/raw_images/Venomous/Spectacled Cobra/000038.jpg,True
Naja naja,Spectacled Cobra,Elapidae,Pan-India,"Neurotoxic, Cytotoxic",Extremely toxic,Yes,Least Concern,Varied habitats,120,220,data/raw_images/Venomous/Spectacled Cobra/000004.jpg,True
Naja naja,Spectacled Cobra,Elapidae,Pan-India,"Neurotoxic, Cytotoxic",Extremely toxic,Yes,Least Concern,Varied habitats,120,220,data/raw_images/Venomous/Spectacled Cobra/000005.jpg,True
Naja naja,Spectacled Cobra,Elapidae,Pan-India,"Neurotoxic, Cytotoxic",Extremely toxic,Yes,Least Concern,Varied habitats,120,220,data/raw_images/Venomous/Spectacled Cobra/000011.jpg,True
Naja naja,Spectacled Cobra,Elapidae,Pan-India,"Neurotoxic, Cytotoxic",Extremely toxic,Yes,Least Concern,Varied habitats,120,220,data/raw_images/Venomous/Spectacled Cobra/Spectacled_2.jpg,True
Naja naja,Spectacled Cobra,Elapidae,Pan-India,"Neurotoxic, Cytotoxic",Extremely toxic,Yes,Least Concern,Varied habitats,120,220,data/raw_images/Venomous/Spectacled Cobra/Spectacled_39.jpg,True
Naja naja,Spectacled Cobra,Elapidae,Pan-India,"Neurotoxic, Cytotoxic",Extremely toxic,Yes,Least Concern,Varied habitats,120,220,data/raw_images/Venomous/Spectacled Cobra/Spectacled_29.jpg,True
Naja naja,Spectacled Cobra,Elapidae,Pan-India,"Neurotoxic, Cytotoxic",Extremely toxic,Yes,Least Concern,Varied habitats,120,220,data/raw_images/Venomous/Spectacled Cobra/000001.jpg,True
Naja naja,Spectacled Cobra,Elapidae,Pan-India,"Neurotoxic, Cytotoxic",Extremely toxic,Yes,Least Concern,Varied habitats,120,220,data/raw_images/Venomous/Spectacled Cobra/000029.jpg,True
Naja naja,Spectacled Cobra,Elapidae,Pan-India,"Neurotoxic, Cytotoxic",Extremely toxic,Yes,Least Concern,Varied habitats,120,220,data/raw_images/Venomous/Spectacled Cobra/Spectacled_7.jpg,True
Naja naja,Spectacled Cobra,Elapidae,Pan-India,"Neurotoxic, Cytotoxic",Extremely toxic,Yes,Least Concern,Varied habitats,120,220,data/raw_images/Venomous/Spectacled Cobra/000014.jpg,True
Naja naja,Spectacled Cobra,Elapidae,Pan-India,"Neurotoxic, Cytotoxic",Extremely toxic,Yes,Least Concern,Varied habitats,120,220,data/raw_images/Venomous/Spectacled Cobra/Spectacled_61.jpeg,True
Naja naja,Spectacled Cobra,Elapidae,Pan-India,"Neurotoxic, Cytotoxic",Extremely toxic,Yes,Least Concern,Varied habitats,120,220,data/raw_images/Venomous/Spectacled Cobra/Spectacled_28.jpg,True
Naja naja,Spectacled Cobra,Elapidae,Pan-India,"Neurotoxic, Cytotoxic",Extremely toxic,Yes,Least Concern,Varied habitats,120,220,data/raw_images/Venomous/Spectacled Cobra/000016.jpg,True
Naja naja,Spectacled Cobra,Elapidae,Pan-India,"Neurotoxic, Cytotoxic",Extremely toxic,Yes,Least Concern,Varied habitats,120,220,data/raw_images/Venomous/Spectacled Cobra/000003.jpg,True
Echis carinatus,Saw-scaled Viper,Viperidae,Arid regions of India,Hemotoxic,Extremely toxic,Yes,Least Concern,Dry rocky areas,40,80,data/raw_images/Venomous/Saw-scaled Viper/000026.jpg,True
Echis carinatus,Saw-scaled Viper,Viperidae,Arid regions of India,Hemotoxic,Extremely toxic,Yes,Least Concern,Dry rocky areas,40,80,data/raw_images/Venomous/Saw-scaled Viper/Saw-scaled_41.jpeg,True
Echis carinatus,Saw-scaled Viper,Viperidae,Arid regions of India,Hemotoxic,Extremely toxic,Yes,Least Concern,Dry rocky areas,40,80,data/raw_images/Venomous/Saw-scaled Viper/000033.jpg,True
Echis carinatus,Saw-scaled Viper,Viperidae,Arid regions of India,Hemotoxic,Extremely toxic,Yes,Least Concern,Dry rocky areas,40,80,data/raw_images/Venomous/Saw-scaled Viper/Saw-scaled_10.jpg,True
Echis carinatus,Saw-scaled Viper,Viperidae,Arid regions of India,Hemotoxic,Extremely toxic,Yes,Least Concern,Dry rocky areas,40,80,data/raw_images/Venomous/Saw-scaled Viper/000019.jpg,True
Echis carinatus,Saw-scaled Viper,Viperidae,Arid regions of India,Hemotoxic,Extremely toxic,Yes,Least Concern,Dry rocky areas,40,80,data/raw_images/Venomous/Saw-scaled Viper/000031.jpg,True
Echis carinatus,Saw-scaled Viper,Viperidae,Arid regions of India,Hemotoxic,Extremely toxic,Yes,Least Concern,Dry rocky areas,40,80,data/raw_images/Venomous/Saw-scaled Viper/000025.jpg,True
Echis carinatus,Saw-scaled Viper,Viperidae,Arid regions of India,Hemotoxic,Extremely toxic,Yes,Least Concern,Dry rocky areas,40,80,data/raw_images/Venomous/Saw-scaled Viper/Saw-scaled_36.jpeg,True
Echis carinatus,Saw-scaled Viper,Viperidae,Arid regions of India,Hemotoxic,Extremely toxic,Yes,Least Concern,Dry rocky areas,40,80,data/raw_images/Venomous/Saw-scaled Viper/000024.jpg,True
Echis carinatus,Saw-scaled Viper,Viperidae,Arid regions of India,Hemotoxic,Extremely toxic,Yes,Least Concern,Dry rocky areas,40,80,data/raw_images/Venomous/Saw-scaled Viper/000018.jpg,True
Echis carinatus,Saw-scaled Viper,Viperidae,Arid regions of India,Hemotoxic,Extremely toxic,Yes,Least Concern,Dry rocky areas,40,80,data/raw_images/Venomous/Saw-scaled Viper/Saw-scaled_11.jpg,True
Echis carinatus,Saw-scaled Viper,Viperidae,Arid regions of India,Hemotoxic,Extremely toxic,Yes,Least Concern,Dry rocky areas,40,80,data/raw_images/Venomous/Saw-scaled Viper/000034.jpg,True
Echis carinatus,Saw-scaled Viper,Viperidae,Arid regions of India,Hemotoxic,Extremely toxic,Yes,Least Concern,Dry rocky areas,40,80,data/raw_images/Venomous/Saw-scaled Viper/Saw-scaled_37.jpeg,True
Echis carinatus,Saw-scaled Viper,Viperidae,Arid regions of India,Hemotoxic,Extremely toxic,Yes,Least Concern,Dry rocky areas,40,80,data/raw_images/Venomous/Saw-scaled Viper/000009.jpg,True
Echis carinatus,Saw-scaled Viper,Viperidae,Arid regions of India,Hemotoxic,Extremely toxic,Yes,Least Concern,Dry rocky areas,40,80,data/raw_images/Venomous/Saw-scaled Viper/000021.jpg,True
Echis carinatus,Saw-scaled Viper,Viperidae,Arid regions of India,Hemotoxic,Extremely toxic,Yes,Least Concern,Dry rocky areas,40,80,data/raw_images/Venomous/Saw-scaled Viper/000035.jpg,True
Echis carinatus,Saw-scaled Viper,Viperidae,Arid regions of India,Hemotoxic,Extremely toxic,Yes,Least Concern,Dry rocky areas,40,80,data/raw_images/Venomous/Saw-scaled Viper/Saw-scaled_9.jpg,True
Echis carinatus,Saw-scaled Viper,Viperidae,Arid regions of India,Hemotoxic,Extremely toxic,Yes,Least Concern,Dry rocky areas,40,80,data/raw_images/Venomous/Saw-scaled Viper/Saw-scaled_28.jpg,True
Echis carinatus,Saw-scaled Viper,Viperidae,Arid regions of India,Hemotoxic,Extremely toxic,Yes,Least Concern,Dry rocky areas,40,80,data/raw_images/Venomous/Saw-scaled Viper/000023.jpg,True
Echis carinatus,Saw-scaled Viper,Viperidae,Arid regions of India,Hemotoxic,Extremely toxic,Yes,Least Concern,Dry rocky areas,40,80,data/raw_images/Venomous/Saw-scaled Viper/000037.jpg,True
Echis carinatus,Saw-scaled Viper,Viperidae,Arid regions of India,Hemotoxic,Extremely toxic,Yes,Least Concern,Dry rocky areas,40,80,data/raw_images/Venomous/Saw-scaled Viper/Saw-scaled_40.jpeg,True
Echis carinatus,Saw-scaled Viper,Viperidae,Arid regions of India,Hemotoxic,Extremely toxic,Yes,Least Concern,Dry rocky areas,40,80,data/raw_images/Venomous/Saw-scaled Viper/000036.jpg,True
Echis carinatus,Saw-scaled Viper,Viperidae,Arid regions of India,Hemotoxic,Extremely toxic,Yes,Least Concern,Dry rocky areas,40,80,data/raw_images/Venomous/Saw-scaled Viper/000022.jpg,True
Echis carinatus,Saw-scaled Viper,Viperidae,Arid regions of India,Hemotoxic,Extremely toxic,Yes,Least Concern,Dry rocky areas,40,80,data/raw_images/Venomous/Saw-scaled Viper/Saw-scaled_17.jpg,True
Echis carinatus,Saw-scaled Viper,Viperidae,Arid regions of India,Hemotoxic,Extremely toxic,Yes,Least Concern,Dry rocky areas,40,80,data/raw_images/Venomous/Saw-scaled Viper/000045.jpg,True
Echis carinatus,Saw-scaled Viper,Viperidae,Arid regions of India,Hemotoxic,Extremely toxic,Yes,Least Concern,Dry rocky areas,40,80,data/raw_images/Venomous/Saw-scaled Viper/000044.jpg,True
Echis carinatus,Saw-scaled Viper,Viperidae,Arid regions of India,Hemotoxic,Extremely toxic,Yes,Least Concern,Dry rocky areas,40,80,data/raw_images/Venomous/Saw-scaled Viper/000046.jpg,True
Echis carinatus,Saw-scaled Viper,Viperidae,Arid regions of India,Hemotoxic,Extremely toxic,Yes,Least Concern,Dry rocky areas,40,80,data/raw_images/Venomous/Saw-scaled Viper/000047.jpg,True
Echis carinatus,Saw-scaled Viper,Viperidae,Arid regions of India,Hemotoxic,Extremely toxic,Yes,Least Concern,Dry rocky areas,40,80,data/raw_images/Venomous/Saw-scaled Viper/000043.jpg,True
Echis carinatus,Saw-scaled Viper,Viperidae,Arid regions of India,Hemotoxic,Extremely toxic,Yes,Least Concern,Dry rocky areas,40,80,data/raw_images/Venomous/Saw-scaled Viper/Saw-scaled_46.jpeg,True
Echis carinatus,Saw-scaled Viper,Viperidae,Arid regions of India,Hemotoxic,Extremely toxic,Yes,Least Concern,Dry rocky areas,40,80,data/raw_images/Venomous/Saw-scaled Viper/000042.jpg,True
Echis carinatus,Saw-scaled Viper,Viperidae,Arid regions of India,Hemotoxic,Extremely toxic,Yes,Least Concern,Dry rocky areas,40,80,data/raw_images/Venomous/Saw-scaled Viper/000041.jpg,True
Echis carinatus,Saw-scaled Viper,Viperidae,Arid regions of India,Hemotoxic,Extremely toxic,Yes,Least Concern,Dry rocky areas,40,80,data/raw_images/Venomous/Saw-scaled Viper/Saw-scaled_45.jpeg,True
Echis carinatus,Saw-scaled Viper,Viperidae,Arid regions of India,Hemotoxic,Extremely toxic,Yes,Least Concern,Dry rocky areas,40,80,data/raw_images/Venomous/Saw-scaled Viper/Saw-scaled_44.jpeg,True
Echis carinatus,Saw-scaled Viper,Viperidae,Arid regions of India,Hemotoxic,Extremely toxic,Yes,Least Concern,Dry rocky areas,40,80,data/raw_images/Venomous/Saw-scaled Viper/Saw-scaled_33.jpeg,True
Echis carinatus,Saw-scaled Viper,Viperidae,Arid regions of India,Hemotoxic,Extremely toxic,Yes,Least Concern,Dry rocky areas,40,80,data/raw_images/Venomous/Saw-scaled Viper/000048.jpg,True
Echis carinatus,Saw-scaled Viper,Viperidae,Arid regions of India,Hemotoxic,Extremely toxic,Yes,Least Concern,Dry rocky areas,40,80,data/raw_images/Venomous/Saw-scaled Viper/Saw-scaled_32.jpg,True
Echis carinatus,Saw-scaled Viper,Viperidae,Arid regions of India,Hemotoxic,Extremely toxic,Yes,Least Concern,Dry rocky areas,40,80,data/raw_images/Venomous/Saw-scaled Viper/Saw-scaled_43.jpeg,True
Echis carinatus,Saw-scaled Viper,Viperidae,Arid regions of India,Hemotoxic,Extremely toxic,Yes,Least Concern,Dry rocky areas,40,80,data/raw_images/Venomous/Saw-scaled Viper/000006.jpg,True
Echis carinatus,Saw-scaled Viper,Viperidae,Arid regions of India,Hemotoxic,Extremely toxic,Yes,Least Concern,Dry rocky areas,40,80,data/raw_images/Venomous/Saw-scaled Viper/Saw-scaled_38.jpeg,True
Echis carinatus,Saw-scaled Viper,Viperidae,Arid regions of India,Hemotoxic,Extremely toxic,Yes,Least Concern,Dry rocky areas,40,80,data/raw_images/Venomous/Saw-scaled Viper/Saw-scaled_25.jpg,True
Echis carinatus,Saw-scaled Viper,Viperidae,Arid regions of India,Hemotoxic,Extremely toxic,Yes,Least Concern,Dry rocky areas,40,80,data/raw_images/Venomous/Saw-scaled Viper/Saw-scaled_4.jpg,True
Echis carinatus,Saw-scaled Viper,Viperidae,Arid regions of India,Hemotoxic,Extremely toxic,Yes,Least Concern,Dry rocky areas,40,80,data/raw_images/Venomous/Saw-scaled Viper/000038.jpg,True
Echis carinatus,Saw-scaled Viper,Viperidae,Arid regions of India,Hemotoxic,Extremely toxic,Yes,Least Concern,Dry rocky areas,40,80,data/raw_images/Venomous/Saw-scaled Viper/000010.jpg,True
Echis carinatus,Saw-scaled Viper,Viperidae,Arid regions of India,Hemotoxic,Extremely toxic,Yes,Least Concern,Dry rocky areas,40,80,data/raw_images/Venomous/Saw-scaled Viper/000004.jpg,True
Echis carinatus,Saw-scaled Viper,Viperidae,Arid regions of India,Hemotoxic,Extremely toxic,Yes,Least Concern,Dry rocky areas,40,80,data/raw_images/Venomous/Saw-scaled Viper/Saw-scaled_34.jpeg,True
Echis carinatus,Saw-scaled Viper,Viperidae,Arid regions of India,Hemotoxic,Extremely toxic,Yes,Least Concern,Dry rocky areas,40,80,data/raw_images/Venomous/Saw-scaled Viper/000005.jpg,True
Echis carinatus,Saw-scaled Viper,Viperidae,Arid regions of India,Hemotoxic,Extremely toxic,Yes,Least Concern,Dry rocky areas,40,80,data/raw_images/Venomous/Saw-scaled Viper/000011.jpg,True
Echis carinatus,Saw-scaled Viper,Viperidae,Arid regions of India,Hemotoxic,Extremely toxic,Yes,Least Concern,Dry rocky areas,40,80,data/raw_images/Venomous/Saw-scaled Viper/000039.jpg,True
Echis carinatus,Saw-scaled Viper,Viperidae,Arid regions of India,Hemotoxic,Extremely toxic,Yes,Least Concern,Dry rocky areas,40,80,data/raw_images/Venomous/Saw-scaled Viper/Saw-scaled_30.jpg,True
Echis carinatus,Saw-scaled Viper,Viperidae,Arid regions of India,Hemotoxic,Extremely toxic,Yes,Least Concern,Dry rocky areas,40,80,data/raw_images/Venomous/Saw-scaled Viper/Saw-scaled_24.jpg,True
Echis carinatus,Saw-scaled Viper,Viperidae,Arid regions of India,Hemotoxic,Extremely toxic,Yes,Least Concern,Dry rocky areas,40,80,data/raw_images/Venomous/Saw-scaled Viper/Saw-scaled_18.jpg,True
Echis carinatus,Saw-scaled Viper,Viperidae,Arid regions of India,Hemotoxic,Extremely toxic,Yes,Least Concern,Dry rocky areas,40,80,data/raw_images/Venomous/Saw-scaled Viper/Saw-scaled_20.jpg,True
Echis carinatus,Saw-scaled Viper,Viperidae,Arid regions of India,Hemotoxic,Extremely toxic,Yes,Least Concern,Dry rocky areas,40,80,data/raw_images/Venomous/Saw-scaled Viper/Saw-scaled_1.jpg,True
Echis carinatus,Saw-scaled Viper,Viperidae,Arid regions of India,Hemotoxic,Extremely toxic,Yes,Least Concern,Dry rocky areas,40,80,data/raw_images/Venomous/Saw-scaled Viper/000015.jpg,True
Echis carinatus,Saw-scaled Viper,Viperidae,Arid regions of India,Hemotoxic,Extremely toxic,Yes,Least Concern,Dry rocky areas,40,80,data/raw_images/Venomous/Saw-scaled Viper/000001.jpg,True
Echis carinatus,Saw-scaled Viper,Viperidae,Arid regions of India,Hemotoxic,Extremely toxic,Yes,Least Concern,Dry rocky areas,40,80,data/raw_images/Venomous/Saw-scaled Viper/000029.jpg,True
Echis carinatus,Saw-scaled Viper,Viperidae,Arid regions of India,Hemotoxic,Extremely toxic,Yes,Least Concern,Dry rocky areas,40,80,data/raw_images/Venomous/Saw-scaled Viper/Saw-scaled_35.jpeg,True
Echis carinatus,Saw-scaled Viper,Viperidae,Arid regions of India,Hemotoxic,Extremely toxic,Yes,Least Concern,Dry rocky areas,40,80,data/raw_images/Venomous/Saw-scaled Viper/000014.jpg,True
Echis carinatus,Saw-scaled Viper,Viperidae,Arid regions of India,Hemotoxic,Extremely toxic,Yes,Least Concern,Dry rocky areas,40,80,data/raw_images/Venomous/Saw-scaled Viper/Saw-scaled_21.jpg,True
Echis carinatus,Saw-scaled Viper,Viperidae,Arid regions of India,Hemotoxic,Extremely toxic,Yes,Least Concern,Dry rocky areas,40,80,data/raw_images/Venomous/Saw-scaled Viper/Saw-scaled_23.jpg,True
Echis carinatus,Saw-scaled Viper,Viperidae,Arid regions of India,Hemotoxic,Extremely toxic,Yes,Least Concern,Dry rocky areas,40,80,data/raw_images/Venomous/Saw-scaled Viper/Saw-scaled_2.jpg,True
Echis carinatus,Saw-scaled Viper,Viperidae,Arid regions of India,Hemotoxic,Extremely toxic,Yes,Least Concern,Dry rocky areas,40,80,data/raw_images/Venomous/Saw-scaled Viper/000002.jpg,True
Echis carinatus,Saw-scaled Viper,Viperidae,Arid regions of India,Hemotoxic,Extremely toxic,Yes,Least Concern,Dry rocky areas,40,80,data/raw_images/Venomous/Saw-scaled Viper/000016.jpg,True
Echis carinatus,Saw-scaled Viper,Viperidae,Arid regions of India,Hemotoxic,Extremely toxic,Yes,Least Concern,Dry rocky areas,40,80,data/raw_images/Venomous/Saw-scaled Viper/Saw-scaled_39.jpeg,True
Echis carinatus,Saw-scaled Viper,Viperidae,Arid regions of India,Hemotoxic,Extremely toxic,Yes,Least Concern,Dry rocky areas,40,80,data/raw_images/Venomous/Saw-scaled Viper/Saw-scaled_42.jpeg,True
Echis carinatus,Saw-scaled Viper,Viperidae,Arid regions of India,Hemotoxic,Extremely toxic,Yes,Least Concern,Dry rocky areas,40,80,data/raw_images/Venomous/Saw-scaled Viper/000003.jpg,True
Echis carinatus,Saw-scaled Viper,Viperidae,Arid regions of India,Hemotoxic,Extremely toxic,Yes,Least Concern,Dry rocky areas,40,80,data/raw_images/Venomous/Saw-scaled Viper/Saw-scaled_3.jpg,True
Echis carinatus,Saw-scaled Viper,Viperidae,Arid regions of India,Hemotoxic,Extremely toxic,Yes,Least Concern,Dry rocky areas,40,80,data/raw_images/Venomous/Saw-scaled Viper/Saw-scaled_22.jpg,True
Daboia russelii,Russell's Viper,Viperidae,Throughout India,"Hemotoxic, Cytotoxic",Extremely toxic,Yes,Least Concern,"Grasslands, scrublands",120,165,data/raw_images/Venomous/Russell's Viper/Russell's_17.jpg,True
Daboia russelii,Russell's Viper,Viperidae,Throughout India,"Hemotoxic, Cytotoxic",Extremely toxic,Yes,Least Concern,"Grasslands, scrublands",120,165,data/raw_images/Venomous/Russell's Viper/Russell's_16.jpg,True
Daboia russelii,Russell's Viper,Viperidae,Throughout India,"Hemotoxic, Cytotoxic",Extremely toxic,Yes,Least Concern,"Grasslands, scrublands",120,165,data/raw_images/Venomous/Russell's Viper/Russell's_14.jpg,True
Daboia russelii,Russell's Viper,Viperidae,Throughout India,"Hemotoxic, Cytotoxic",Extremely toxic,Yes,Least Concern,"Grasslands, scrublands",120,165,data/raw_images/Venomous/Russell's Viper/Russell's_15.jpg,True
Daboia russelii,Russell's Viper,Viperidae,Throughout India,"Hemotoxic, Cytotoxic",Extremely toxic,Yes,Least Concern,"Grasslands, scrublands",120,165,data/raw_images/Venomous/Russell's Viper/Russell's_29.JPG,True
Daboia russelii,Russell's Viper,Viperidae,Throughout India,"Hemotoxic, Cytotoxic",Extremely toxic,Yes,Least Concern,"Grasslands, scrublands",120,165,data/raw_images/Venomous/Russell's Viper/Russell's_39.jpg,True
Daboia russelii,Russell's Viper,Viperidae,Throughout India,"Hemotoxic, Cytotoxic",Extremely toxic,Yes,Least Concern,"Grasslands, scrublands",120,165,data/raw_images/Venomous/Russell's Viper/Russell's_38.jpg,True
Daboia russelii,Russell's Viper,Viperidae,Throughout India,"Hemotoxic, Cytotoxic",Extremely toxic,Yes,Least Concern,"Grasslands, scrublands",120,165,data/raw_images/Venomous/Russell's Viper/Russell's_10.jpg,True
Daboia russelii,Russell's Viper,Viperidae,Throughout India,"Hemotoxic, Cytotoxic",Extremely toxic,Yes,Least Concern,"Grasslands, scrublands",120,165,data/raw_images/Venomous/Russell's Viper/Russell's_8.jpg,True
Daboia russelii,Russell's Viper,Viperidae,Throughout India,"Hemotoxic, Cytotoxic",Extremely toxic,Yes,Least Concern,"Grasslands, scrublands",120,165,data/raw_images/Venomous/Russell's Viper/Russell's_12.jpg,True
Daboia russelii,Russell's Viper,Viperidae,Throughout India,"Hemotoxic, Cytotoxic",Extremely toxic,Yes,Least Concern,"Grasslands, scrublands",120,165,data/raw_images/Venomous/Russell's Viper/Russell's_13.jpg,True
Daboia russelii,Russell's Viper,Viperidae,Throughout India,"Hemotoxic, Cytotoxic",Extremely toxic,Yes,Least Concern,"Grasslands, scrublands",120,165,data/raw_images/Venomous/Russell's Viper/Russell's_48.jpg,True
Daboia russelii,Russell's Viper,Viperidae,Throughout India,"Hemotoxic, Cytotoxic",Extremely toxic,Yes,Least Concern,"Grasslands, scrublands",120,165,data/raw_images/Venomous/Russell's Viper/Russell's_60.jpg,True
Daboia russelii,Russell's Viper,Viperidae,Throughout India,"Hemotoxic, Cytotoxic",Extremely toxic,Yes,Least Concern,"Grasslands, scrublands",120,165,data/raw_images/Venomous/Russell's Viper/Russell's_61.jpg,True
Daboia russelii,Russell's Viper,Viperidae,Throughout India,"Hemotoxic, Cytotoxic",Extremely toxic,Yes,Least Concern,"Grasslands, scrublands",120,165,data/raw_images/Venomous/Russell's Viper/Russell's_49.jpg,True
Daboia russelii,Russell's Viper,Viperidae,Throughout India,"Hemotoxic, Cytotoxic",Extremely toxic,Yes,Least Concern,"Grasslands, scrublands",120,165,data/raw_images/Venomous/Russell's Viper/Russell's_63.jpg,True
Daboia russelii,Russell's Viper,Viperidae,Throughout India,"Hemotoxic, Cytotoxic",Extremely toxic,Yes,Least Concern,"Grasslands, scrublands",120,165,data/raw_images/Venomous/Russell's Viper/Russell's_62.jpg,True
Daboia russelii,Russell's Viper,Viperidae,Throughout India,"Hemotoxic, Cytotoxic",Extremely toxic,Yes,Least Concern,"Grasslands, scrublands",120,165,data/raw_images/Venomous/Russell's Viper/Russell's_72.jpg,True
Daboia russelii,Russell's Viper,Viperidae,Throughout India,"Hemotoxic, Cytotoxic",Extremely toxic,Yes,Least Concern,"Grasslands, scrublands",120,165,data/raw_images/Venomous/Russell's Viper/Russell's_67.jpg,True
Daboia russelii,Russell's Viper,Viperidae,Throughout India,"Hemotoxic, Cytotoxic",Extremely toxic,Yes,Least Concern,"Grasslands, scrublands",120,165,data/raw_images/Venomous/Russell's Viper/Russell's_73.png,True
Daboia russelii,Russell's Viper,Viperidae,Throughout India,"Hemotoxic, Cytotoxic",Extremely toxic,Yes,Least Concern,"Grasslands, scrublands",120,165,data/raw_images/Venomous/Russell's Viper/Russell's_71.jpg,True
Daboia russelii,Russell's Viper,Viperidae,Throughout India,"Hemotoxic, Cytotoxic",Extremely toxic,Yes,Least Concern,"Grasslands, scrublands",120,165,data/raw_images/Venomous/Russell's Viper/Russell's_65.jpg,True
Daboia russelii,Russell's Viper,Viperidae,Throughout India,"Hemotoxic, Cytotoxic",Extremely toxic,Yes,Least Concern,"Grasslands, scrublands",120,165,data/raw_images/Venomous/Russell's Viper/Russell's_59.jpg,True
Daboia russelii,Russell's Viper,Viperidae,Throughout India,"Hemotoxic, Cytotoxic",Extremely toxic,Yes,Least Concern,"Grasslands, scrublands",120,165,data/raw_images/Venomous/Russell's Viper/Russell's_58.jpg,True
Daboia russelii,Russell's Viper,Viperidae,Throughout India,"Hemotoxic, Cytotoxic",Extremely toxic,Yes,Least Concern,"Grasslands, scrublands",120,165,data/raw_images/Venomous/Russell's Viper/Russell's_64.jpg,True
Daboia russelii,Russell's Viper,Viperidae,Throughout India,"Hemotoxic, Cytotoxic",Extremely toxic,Yes,Least Concern,"Grasslands, scrublands",120,165,data/raw_images/Venomous/Russell's Viper/Russell's_70.jpg,True
Daboia russelii,Russell's Viper,Viperidae,Throughout India,"Hemotoxic, Cytotoxic",Extremely toxic,Yes,Least Concern,"Grasslands, scrublands",120,165,data/raw_images/Venomous/Russell's Viper/Russell's_69.jpg,True
Daboia russelii,Russell's Viper,Viperidae,Throughout India,"Hemotoxic, Cytotoxic",Extremely toxic,Yes,Least Concern,"Grasslands, scrublands",120,165,data/raw_images/Venomous/Russell's Viper/Russell's_55.jpg,True
Daboia russelii,Russell's Viper,Viperidae,Throughout India,"Hemotoxic, Cytotoxic",Extremely toxic,Yes,Least Concern,"Grasslands, scrublands",120,165,data/raw_images/Venomous/Russell's Viper/Russell's_41.jpg,True
Daboia russelii,Russell's Viper,Viperidae,Throughout India,"Hemotoxic, Cytotoxic",Extremely toxic,Yes,Least Concern,"Grasslands, scrublands",120,165,data/raw_images/Venomous/Russell's Viper/Russell's_40.jpg,True
Daboia russelii,Russell's Viper,Viperidae,Throughout India,"Hemotoxic, Cytotoxic",Extremely toxic,Yes,Least Concern,"Grasslands, scrublands",120,165,data/raw_images/Venomous/Russell's Viper/Russell's_54.jpg,True
Daboia russelii,Russell's Viper,Viperidae,Throughout India,"Hemotoxic, Cytotoxic",Extremely toxic,Yes,Least Concern,"Grasslands, scrublands",120,165,data/raw_images/Venomous/Russell's Viper/Russell's_68.jpg,True
Daboia russelii,Russell's Viper,Viperidae,Throughout India,"Hemotoxic, Cytotoxic",Extremely toxic,Yes,Least Concern,"Grasslands, scrublands",120,165,data/raw_images/Venomous/Russell's Viper/Russell's_42.jpg,True
Daboia russelii,Russell's Viper,Viperidae,Throughout India,"Hemotoxic, Cytotoxic",Extremely toxic,Yes,Least Concern,"Grasslands, scrublands",120,165,data/raw_images/Venomous/Russell's Viper/Russell's_56.jpg,True
Daboia russelii,Russell's Viper,Viperidae,Throughout India,"Hemotoxic, Cytotoxic",Extremely toxic,Yes,Least Concern,"Grasslands, scrublands",120,165,data/raw_images/Venomous/Russell's Viper/Russell's_57.jpg,True
Daboia russelii,Russell's Viper,Viperidae,Throughout India,"Hemotoxic, Cytotoxic",Extremely toxic,Yes,Least Concern,"Grasslands, scrublands",120,165,data/raw_images/Venomous/Russell's Viper/Russell's_43.jpg,True
Daboia russelii,Russell's Viper,Viperidae,Throughout India,"Hemotoxic, Cytotoxic",Extremely toxic,Yes,Least Concern,"Grasslands, scrublands",120,165,data/raw_images/Venomous/Russell's Viper/Russell's_75.jpeg,True
Daboia russelii,Russell's Viper,Viperidae,Throughout India,"Hemotoxic, Cytotoxic",Extremely toxic,Yes,Least Concern,"Grasslands, scrublands",120,165,data/raw_images/Venomous/Russell's Viper/Russell's_74.jpeg,True
Daboia russelii,Russell's Viper,Viperidae,Throughout India,"Hemotoxic, Cytotoxic",Extremely toxic,Yes,Least Concern,"Grasslands, scrublands",120,165,data/raw_images/Venomous/Russell's Viper/Russell's_47.jpg,True
Daboia russelii,Russell's Viper,Viperidae,Throughout India,"Hemotoxic, Cytotoxic",Extremely toxic,Yes,Least Concern,"Grasslands, scrublands",120,165,data/raw_images/Venomous/Russell's Viper/Russell's_53.jpg,True
Daboia russelii,Russell's Viper,Viperidae,Throughout India,"Hemotoxic, Cytotoxic",Extremely toxic,Yes,Least Concern,"Grasslands, scrublands",120,165,data/raw_images/Venomous/Russell's Viper/Russell's_52.jpg,True
Daboia russelii,Russell's Viper,Viperidae,Throughout India,"Hemotoxic, Cytotoxic",Extremely toxic,Yes,Least Concern,"Grasslands, scrublands",120,165,data/raw_images/Venomous/Russell's Viper/Russell's_46.jpg,True
Daboia russelii,Russell's Viper,Viperidae,Throughout India,"Hemotoxic, Cytotoxic",Extremely toxic,Yes,Least Concern,"Grasslands, scrublands",120,165,data/raw_images/Venomous/Russell's Viper/Russell's_50.jpg,True
Daboia russelii,Russell's Viper,Viperidae,Throughout India,"Hemotoxic, Cytotoxic",Extremely toxic,Yes,Least Concern,"Grasslands, scrublands",120,165,data/raw_images/Venomous/Russell's Viper/Russell's_44.jpg,True
Daboia russelii,Russell's Viper,Viperidae,Throughout India,"Hemotoxic, Cytotoxic",Extremely toxic,Yes,Least Concern,"Grasslands, scrublands",120,165,data/raw_images/Venomous/Russell's Viper/Russell's_45.jpg,True
Daboia russelii,Russell's Viper,Viperidae,Throughout India,"Hemotoxic, Cytotoxic",Extremely toxic,Yes,Least Concern,"Grasslands, scrublands",120,165,data/raw_images/Venomous/Russell's Viper/Russell's_51.jpg,True
Daboia russelii,Russell's Viper,Viperidae,Throughout India,"Hemotoxic, Cytotoxic",Extremely toxic,Yes,Least Concern,"Grasslands, scrublands",120,165,data/raw_images/Venomous/Russell's Viper/Russell's_23.jpg,True
Daboia russelii,Russell's Viper,Viperidae,Throughout India,"Hemotoxic, Cytotoxic",Extremely toxic,Yes,Least Concern,"Grasslands, scrublands",120,165,data/raw_images/Venomous/Russell's Viper/Russell's_37.jpg,True
Daboia russelii,Russell's Viper,Viperidae,Throughout India,"Hemotoxic, Cytotoxic",Extremely toxic,Yes,Least Concern,"Grasslands, scrublands",120,165,data/raw_images/Venomous/Russell's Viper/Russell's_7.jpg,True
Daboia russelii,Russell's Viper,Viperidae,Throughout India,"Hemotoxic, Cytotoxic",Extremely toxic,Yes,Least Concern,"Grasslands, scrublands",120,165,data/raw_images/Venomous/Russell's Viper/Russell's_35.jpg,True
Daboia russelii,Russell's Viper,Viperidae,Throughout India,"Hemotoxic, Cytotoxic",Extremely toxic,Yes,Least Concern,"Grasslands, scrublands",120,165,data/raw_images/Venomous/Russell's Viper/Russell's_4.jpg,True
Daboia russelii,Russell's Viper,Viperidae,Throughout India,"Hemotoxic, Cytotoxic",Extremely toxic,Yes,Least Concern,"Grasslands, scrublands",120,165,data/raw_images/Venomous/Russell's Viper/Russell's_24.jpg,True
Daboia russelii,Russell's Viper,Viperidae,Throughout India,"Hemotoxic, Cytotoxic",Extremely toxic,Yes,Least Concern,"Grasslands, scrublands",120,165,data/raw_images/Venomous/Russell's Viper/Russell's_30.jpg,True
Daboia russelii,Russell's Viper,Viperidae,Throughout India,"Hemotoxic, Cytotoxic",Extremely toxic,Yes,Least Concern,"Grasslands, scrublands",120,165,data/raw_images/Venomous/Russell's Viper/Russell's_18.jpg,True
Daboia russelii,Russell's Viper,Viperidae,Throughout India,"Hemotoxic, Cytotoxic",Extremely toxic,Yes,Least Concern,"Grasslands, scrublands",120,165,data/raw_images/Venomous/Russell's Viper/Russell's_19.jpg,True
Daboia russelii,Russell's Viper,Viperidae,Throughout India,"Hemotoxic, Cytotoxic",Extremely toxic,Yes,Least Concern,"Grasslands, scrublands",120,165,data/raw_images/Venomous/Russell's Viper/Russell's_31.jpg,True
Daboia russelii,Russell's Viper,Viperidae,Throughout India,"Hemotoxic, Cytotoxic",Extremely toxic,Yes,Least Concern,"Grasslands, scrublands",120,165,data/raw_images/Venomous/Russell's Viper/Russell's_1.jpg,True
Daboia russelii,Russell's Viper,Viperidae,Throughout India,"Hemotoxic, Cytotoxic",Extremely toxic,Yes,Least Concern,"Grasslands, scrublands",120,165,data/raw_images/Venomous/Russell's Viper/Russell's_3.jpg,True
Daboia russelii,Russell's Viper,Viperidae,Throughout India,"Hemotoxic, Cytotoxic",Extremely toxic,Yes,Least Concern,"Grasslands, scrublands",120,165,data/raw_images/Venomous/Russell's Viper/Russell's_26.jpg,True
Daboia russelii,Russell's Viper,Viperidae,Throughout India,"Hemotoxic, Cytotoxic",Extremely toxic,Yes,Least Concern,"Grasslands, scrublands",120,165,data/raw_images/Venomous/Russell's Viper/Russell's_2.jpg,True
Bungarus caeruleus,CommonKrait,Elapidae,Pan-India,Neurotoxic,Extremely toxic,Yes,Least Concern,"Agricultural fields, rural areas",90,150,data/raw_images/Venomous/CommonKrait/CommonKrait_37981_123.jpg,True
Bungarus caeruleus,CommonKrait,Elapidae,Pan-India,Neurotoxic,Extremely toxic,Yes,Least Concern,"Agricultural fields, rural areas",90,150,data/raw_images/Venomous/CommonKrait/CommonKrait_102981_123.jpg,True
Bungarus caeruleus,CommonKrait,Elapidae,Pan-India,Neurotoxic,Extremely toxic,Yes,Least Concern,"Agricultural fields, rural areas",90,150,data/raw_images/Venomous/CommonKrait/CommonKrait_55981_123.jpg,True
Bungarus caeruleus,CommonKrait,Elapidae,Pan-India,Neurotoxic,Extremely toxic,Yes,Least Concern,"Agricultural fields, rural areas",90,150,data/raw_images/Venomous/CommonKrait/CommonKrait_62981_123.jpg,True
Bungarus caeruleus,CommonKrait,Elapidae,Pan-India,Neurotoxic,Extremely toxic,Yes,Least Concern,"Agricultural fields, rural areas",90,150,data/raw_images/Venomous/CommonKrait/CommonKrait_45.jpg,True
Bungarus caeruleus,CommonKrait,Elapidae,Pan-India,Neurotoxic,Extremely toxic,Yes,Least Concern,"Agricultural fields, rural areas",90,150,data/raw_images/Venomous/CommonKrait/CommonKrait_26981_123.jpeg,True
Bungarus caeruleus,CommonKrait,Elapidae,Pan-India,Neurotoxic,Extremely toxic,Yes,Least Concern,"Agricultural fields, rural areas",90,150,data/raw_images/Venomous/CommonKrait/CommonKrait_79.jpg,True
Bungarus caeruleus,CommonKrait,Elapidae,Pan-India,Neurotoxic,Extremely toxic,Yes,Least Concern,"Agricultural fields, rural areas",90,150,data/raw_images/Venomous/CommonKrait/CommonKrait_1981_123.JPG,True
Bungarus caeruleus,CommonKrait,Elapidae,Pan-India,Neurotoxic,Extremely toxic,Yes,Least Concern,"Agricultural fields, rural areas",90,150,data/raw_images/Venomous/CommonKrait/CommonKrait_86.JPG,True
Bungarus caeruleus,CommonKrait,Elapidae,Pan-India,Neurotoxic,Extremely toxic,Yes,Least Concern,"Agricultural fields, rural areas",90,150,data/raw_images/Venomous/CommonKrait/CommonKrait_93.jpg,True
Bungarus caeruleus,CommonKrait,Elapidae,Pan-India,Neurotoxic,Extremely toxic,Yes,Least Concern,"Agricultural fields, rural areas",90,150,data/raw_images/Venomous/CommonKrait/CommonKrait_87.jpg,True
Bungarus caeruleus,CommonKrait,Elapidae,Pan-India,Neurotoxic,Extremely toxic,Yes,Least Concern,"Agricultural fields, rural areas",90,150,data/raw_images/Venomous/CommonKrait/CommonKrait_78.jpg,True
Bungarus caeruleus,CommonKrait,Elapidae,Pan-India,Neurotoxic,Extremely toxic,Yes,Least Concern,"Agricultural fields, rural areas",90,150,data/raw_images/Venomous/CommonKrait/000066981_123.jpg,True
Bungarus caeruleus,CommonKrait,Elapidae,Pan-India,Neurotoxic,Extremely toxic,Yes,Least Concern,"Agricultural fields, rural areas",90,150,data/raw_images/Venomous/CommonKrait/CommonKrait_44.jpg,True
Bungarus caeruleus,CommonKrait,Elapidae,Pan-India,Neurotoxic,Extremely toxic,Yes,Least Concern,"Agricultural fields, rural areas",90,150,data/raw_images/Venomous/CommonKrait/CommonKrait_49981_123.jpg,True
Bungarus caeruleus,CommonKrait,Elapidae,Pan-India,Neurotoxic,Extremely toxic,Yes,Least Concern,"Agricultural fields, rural areas",90,150,data/raw_images/Venomous/CommonKrait/000004981_123.jpg,True
Bungarus caeruleus,CommonKrait,Elapidae,Pan-India,Neurotoxic,Extremely toxic,Yes,Least Concern,"Agricultural fields, rural areas",90,150,data/raw_images/Venomous/CommonKrait/CommonKrait_81981_123.jpg,True
Bungarus caeruleus,CommonKrait,Elapidae,Pan-India,Neurotoxic,Extremely toxic,Yes,Least Concern,"Agricultural fields, rural areas",90,150,data/raw_images/Venomous/CommonKrait/000015981_123.jpg,True
Bungarus caeruleus,CommonKrait,Elapidae,Pan-India,Neurotoxic,Extremely toxic,Yes,Least Concern,"Agricultural fields, rural areas",90,150,data/raw_images/Venomous/CommonKrait/000022981_123.jpg,True
Bungarus caeruleus,CommonKrait,Elapidae,Pan-India,Neurotoxic,Extremely toxic,Yes,Least Concern,"Agricultural fields, rural areas",90,150,data/raw_images/Venomous/CommonKrait/CommonKrait_52.jpg,True
Bungarus caeruleus,CommonKrait,Elapidae,Pan-India,Neurotoxic,Extremely toxic,Yes,Least Concern,"Agricultural fields, rural areas",90,150,data/raw_images/Venomous/CommonKrait/CommonKrait_46.jpg,True
Bungarus caeruleus,CommonKrait,Elapidae,Pan-India,Neurotoxic,Extremely toxic,Yes,Least Concern,"Agricultural fields, rural areas",90,150,data/raw_images/Venomous/CommonKrait/CommonKrait_91.jpg,True
Bungarus caeruleus,CommonKrait,Elapidae,Pan-India,Neurotoxic,Extremely toxic,Yes,Least Concern,"Agricultural fields, rural areas",90,150,data/raw_images/Venomous/CommonKrait/CommonKrait_85.jpg,True
Bungarus caeruleus,CommonKrait,Elapidae,Pan-India,Neurotoxic,Extremely toxic,Yes,Least Concern,"Agricultural fields, rural areas",90,150,data/raw_images/Venomous/CommonKrait/CommonKrait_84.jpg,True
Bungarus caeruleus,CommonKrait,Elapidae,Pan-India,Neurotoxic,Extremely toxic,Yes,Least Concern,"Agricultural fields, rural areas",90,150,data/raw_images/Venomous/CommonKrait/CommonKrait_47.jpg,True
Bungarus caeruleus,CommonKrait,Elapidae,Pan-India,Neurotoxic,Extremely toxic,Yes,Least Concern,"Agricultural fields, rural areas",90,150,data/raw_images/Venomous/CommonKrait/CommonKrait_73981_123.jpg,True
Bungarus caeruleus,CommonKrait,Elapidae,Pan-India,Neurotoxic,Extremely toxic,Yes,Least Concern,"Agricultural fields, rural areas",90,150,data/raw_images/Venomous/CommonKrait/CommonKrait_44981_123.jpg,True
Bungarus caeruleus,CommonKrait,Elapidae,Pan-India,Neurotoxic,Extremely toxic,Yes,Least Concern,"Agricultural fields, rural areas",90,150,data/raw_images/Venomous/CommonKrait/000009981_123.jpg,True
Bungarus caeruleus,CommonKrait,Elapidae,Pan-India,Neurotoxic,Extremely toxic,Yes,Least Concern,"Agricultural fields, rural areas",90,150,data/raw_images/Venomous/CommonKrait/CommonKrait_113981_123.jpg,True
Bungarus caeruleus,CommonKrait,Elapidae,Pan-India,Neurotoxic,Extremely toxic,Yes,Least Concern,"Agricultural fields, rural areas",90,150,data/raw_images/Venomous/CommonKrait/CommonKrait_11981_123.jpg,True
Bungarus caeruleus,CommonKrait,Elapidae,Pan-India,Neurotoxic,Extremely toxic,Yes,Least Concern,"Agricultural fields, rural areas",90,150,data/raw_images/Venomous/CommonKrait/CommonKrait_26981_123.jpg,True
Bungarus caeruleus,CommonKrait,Elapidae,Pan-India,Neurotoxic,Extremely toxic,Yes,Least Concern,"Agricultural fields, rural areas",90,150,data/raw_images/Venomous/CommonKrait/000010981_123.jpg,True
Bungarus caeruleus,CommonKrait,Elapidae,Pan-India,Neurotoxic,Extremely toxic,Yes,Least Concern,"Agricultural fields, rural areas",90,150,data/raw_images/Venomous/CommonKrait/000045981_123.jpg,True
Bungarus caeruleus,CommonKrait,Elapidae,Pan-India,Neurotoxic,Extremely toxic,Yes,Least Concern,"Agricultural fields, rural areas",90,150,data/raw_images/Venomous/CommonKrait/CommonKrait_9981_123.jpg,True
Bungarus caeruleus,CommonKrait,Elapidae,Pan-India,Neurotoxic,Extremely toxic,Yes,Least Concern,"Agricultural fields, rural areas",90,150,data/raw_images/Venomous/CommonKrait/CommonKrait_95981_123.jpg,True
Bungarus caeruleus,CommonKrait,Elapidae,Pan-India,Neurotoxic,Extremely toxic,Yes,Least Concern,"Agricultural fields, rural areas",90,150,data/raw_images/Venomous/CommonKrait/CommonKrait_57.jpg,True
Bungarus caeruleus,CommonKrait,Elapidae,Pan-India,Neurotoxic,Extremely toxic,Yes,Least Concern,"Agricultural fields, rural areas",90,150,data/raw_images/Venomous/CommonKrait/CommonKrait_80.jpg,True
Bungarus caeruleus,CommonKrait,Elapidae,Pan-India,Neurotoxic,Extremely toxic,Yes,Least Concern,"Agricultural fields, rural areas",90,150,data/raw_images/Venomous/CommonKrait/CommonKrait_41981_123.jpg,True
Bungarus caeruleus,CommonKrait,Elapidae,Pan-India,Neurotoxic,Extremely toxic,Yes,Least Concern,"Agricultural fields, rural areas",90,150,data/raw_images/Venomous/CommonKrait/CommonKrait_95.jpg,True
Bungarus caeruleus,CommonKrait,Elapidae,Pan-India,Neurotoxic,Extremely toxic,Yes,Least Concern,"Agricultural fields, rural areas",90,150,data/raw_images/Venomous/CommonKrait/CommonKrait_76981_123.JPG,True
Bungarus caeruleus,CommonKrait,Elapidae,Pan-India,Neurotoxic,Extremely toxic,Yes,Least Concern,"Agricultural fields, rural areas",90,150,data/raw_images/Venomous/CommonKrait/CommonKrait_121981_123.png,True
Bungarus caeruleus,CommonKrait,Elapidae,Pan-India,Neurotoxic,Extremely toxic,Yes,Least Concern,"Agricultural fields, rural areas",90,150,data/raw_images/Venomous/CommonKrait/CommonKrait_42.jpg,True
Bungarus caeruleus,CommonKrait,Elapidae,Pan-India,Neurotoxic,Extremely toxic,Yes,Least Concern,"Agricultural fields, rural areas",90,150,data/raw_images/Venomous/CommonKrait/CommonKrait_23981_123.png,True
Bungarus caeruleus,CommonKrait,Elapidae,Pan-India,Neurotoxic,Extremely toxic,Yes,Least Concern,"Agricultural fields, rural areas",90,150,data/raw_images/Venomous/CommonKrait/CommonKrait_56.jpg,True
Bungarus caeruleus,CommonKrait,Elapidae,Pan-India,Neurotoxic,Extremely toxic,Yes,Least Concern,"Agricultural fields, rural areas",90,150,data/raw_images/Venomous/CommonKrait/CommonKrait_23981_123.jpg,True
Bungarus caeruleus,CommonKrait,Elapidae,Pan-India,Neurotoxic,Extremely toxic,Yes,Least Concern,"Agricultural fields, rural areas",90,150,data/raw_images/Venomous/CommonKrait/000059981_123.jpg,True
Bungarus caeruleus,CommonKrait,Elapidae,Pan-India,Neurotoxic,Extremely toxic,Yes,Least Concern,"Agricultural fields, rural areas",90,150,data/raw_images/Venomous/CommonKrait/CommonKrait_14981_123.jpg,True
Bungarus caeruleus,CommonKrait,Elapidae,Pan-India,Neurotoxic,Extremely toxic,Yes,Least Concern,"Agricultural fields, rural areas",90,150,data/raw_images/Venomous/CommonKrait/CommonKrait_116981_123.jpg,True
Bungarus caeruleus,CommonKrait,Elapidae,Pan-India,Neurotoxic,Extremely toxic,Yes,Least Concern,"Agricultural fields, rural areas",90,150,data/raw_images/Venomous/CommonKrait/CommonKrait_89981_123.jpg,True
Bungarus caeruleus,CommonKrait,Elapidae,Pan-India,Neurotoxic,Extremely toxic,Yes,Least Concern,"Agricultural fields, rural areas",90,150,data/raw_images/Venomous/CommonKrait/CommonKrait_98981_123.jpg,True
Bungarus caeruleus,CommonKrait,Elapidae,Pan-India,Neurotoxic,Extremely toxic,Yes,Least Concern,"Agricultural fields, rural areas",90,150,data/raw_images/Venomous/CommonKrait/000048981_123.jpg,True
Bungarus caeruleus,CommonKrait,Elapidae,Pan-India,Neurotoxic,Extremely toxic,Yes,Least Concern,"Agricultural fields, rural areas",90,150,data/raw_images/Venomous/CommonKrait/CommonKrait_32981_123.jpg,True
Bungarus caeruleus,CommonKrait,Elapidae,Pan-India,Neurotoxic,Extremely toxic,Yes,Least Concern,"Agricultural fields, rural areas",90,150,data/raw_images/Venomous/CommonKrait/CommonKrait_68.jpg,True
Bungarus caeruleus,CommonKrait,Elapidae,Pan-India,Neurotoxic,Extremely toxic,Yes,Least Concern,"Agricultural fields, rural areas",90,150,data/raw_images/Venomous/CommonKrait/CommonKrait_40.jpg,True
Bungarus caeruleus,CommonKrait,Elapidae,Pan-India,Neurotoxic,Extremely toxic,Yes,Least Concern,"Agricultural fields, rural areas",90,150,data/raw_images/Venomous/CommonKrait/CommonKrait_54.jpg,True
Bungarus caeruleus,CommonKrait,Elapidae,Pan-India,Neurotoxic,Extremely toxic,Yes,Least Concern,"Agricultural fields, rural areas",90,150,data/raw_images/Venomous/CommonKrait/CommonKrait_67981_123.jpg,True
Bungarus caeruleus,CommonKrait,Elapidae,Pan-India,Neurotoxic,Extremely toxic,Yes,Least Concern,"Agricultural fields, rural areas",90,150,data/raw_images/Venomous/CommonKrait/CommonKrait_83.jpg,True
Bungarus caeruleus,CommonKrait,Elapidae,Pan-India,Neurotoxic,Extremely toxic,Yes,Least Concern,"Agricultural fields, rural areas",90,150,data/raw_images/Venomous/CommonKrait/CommonKrait_97.jpg,True
Bungarus caeruleus,CommonKrait,Elapidae,Pan-India,Neurotoxic,Extremely toxic,Yes,Least Concern,"Agricultural fields, rural areas",90,150,data/raw_images/Venomous/CommonKrait/CommonKrait_82.JPG,True
Bungarus caeruleus,CommonKrait,Elapidae,Pan-India,Neurotoxic,Extremely toxic,Yes,Least Concern,"Agricultural fields, rural areas",90,150,data/raw_images/Venomous/CommonKrait/CommonKrait_55.jpg,True
Bungarus caeruleus,CommonKrait,Elapidae,Pan-India,Neurotoxic,Extremely toxic,Yes,Least Concern,"Agricultural fields, rural areas",90,150,data/raw_images/Venomous/CommonKrait/CommonKrait_84981_123.jpg,True
Bungarus caeruleus,CommonKrait,Elapidae,Pan-India,Neurotoxic,Extremely toxic,Yes,Least Concern,"Agricultural fields, rural areas",90,150,data/raw_images/Venomous/CommonKrait/CommonKrait_41.jpg,True
Bungarus caeruleus,CommonKrait,Elapidae,Pan-India,Neurotoxic,Extremely toxic,Yes,Least Concern,"Agricultural fields, rural areas",90,150,data/raw_images/Venomous/CommonKrait/000063981_123.jpg,True
Bungarus caeruleus,CommonKrait,Elapidae,Pan-India,Neurotoxic,Extremely toxic,Yes,Least Concern,"Agricultural fields, rural areas",90,150,data/raw_images/Venomous/CommonKrait/CommonKrait_19981_123.jpg,True
Bungarus caeruleus,CommonKrait,Elapidae,Pan-India,Neurotoxic,Extremely toxic,Yes,Least Concern,"Agricultural fields, rural areas",90,150,data/raw_images/Venomous/CommonKrait/000001981_123.jpg,True
Bungarus caeruleus,CommonKrait,Elapidae,Pan-India,Neurotoxic,Extremely toxic,Yes,Least Concern,"Agricultural fields, rural areas",90,150,data/raw_images/Venomous/CommonKrait/CommonKrait_29981_123.jpg,True
Bungarus caeruleus,CommonKrait,Elapidae,Pan-India,Neurotoxic,Extremely toxic,Yes,Least Concern,"Agricultural fields, rural areas",90,150,data/raw_images/Venomous/CommonKrait/000064981_123.jpg,True
Bungarus caeruleus,CommonKrait,Elapidae,Pan-India,Neurotoxic,Extremely toxic,Yes,Least Concern,"Agricultural fields, rural areas",90,150,data/raw_images/Venomous/CommonKrait/000006981_123.jpg,True
Bungarus caeruleus,CommonKrait,Elapidae,Pan-India,Neurotoxic,Extremely toxic,Yes,Least Concern,"Agricultural fields, rural areas",90,150,data/raw_images/Venomous/CommonKrait/000031981_123.jpg,True
Bungarus caeruleus,CommonKrait,Elapidae,Pan-India,Neurotoxic,Extremely toxic,Yes,Least Concern,"Agricultural fields, rural areas",90,150,data/raw_images/Venomous/CommonKrait/CommonKrait_26.jpg,True
Bungarus caeruleus,CommonKrait,Elapidae,Pan-India,Neurotoxic,Extremely toxic,Yes,Least Concern,"Agricultural fields, rural areas",90,150,data/raw_images/Venomous/CommonKrait/CommonKrait_102.jpg,True
Bungarus caeruleus,CommonKrait,Elapidae,Pan-India,Neurotoxic,Extremely toxic,Yes,Least Concern,"Agricultural fields, rural areas",90,150,data/raw_images/Venomous/CommonKrait/CommonKrait_116.jpg,True
Bungarus caeruleus,CommonKrait,Elapidae,Pan-India,Neurotoxic,Extremely toxic,Yes,Least Concern,"Agricultural fields, rural areas",90,150,data/raw_images/Venomous/CommonKrait/CommonKrait_27.jpg,True
Bungarus caeruleus,CommonKrait,Elapidae,Pan-India,Neurotoxic,Extremely toxic,Yes,Least Concern,"Agricultural fields, rural areas",90,150,data/raw_images/Venomous/CommonKrait/CommonKrait_57981_123.jpg,True
Bungarus caeruleus,CommonKrait,Elapidae,Pan-India,Neurotoxic,Extremely toxic,Yes,Least Concern,"Agricultural fields, rural areas",90,150,data/raw_images/Venomous/CommonKrait/CommonKrait_117.png,True
Bungarus caeruleus,CommonKrait,Elapidae,Pan-India,Neurotoxic,Extremely toxic,Yes,Least Concern,"Agricultural fields, rural areas",90,150,data/raw_images/Venomous/CommonKrait/CommonKrait_3981_123.jpg,True
Bungarus caeruleus,CommonKrait,Elapidae,Pan-India,Neurotoxic,Extremely toxic,Yes,Least Concern,"Agricultural fields, rural areas",90,150,data/raw_images/Venomous/CommonKrait/CommonKrait_125981_123.jpeg,True
Bungarus caeruleus,CommonKrait,Elapidae,Pan-India,Neurotoxic,Extremely toxic,Yes,Least Concern,"Agricultural fields, rural areas",90,150,data/raw_images/Venomous/CommonKrait/CommonKrait_24981_123.png,True
Bungarus caeruleus,CommonKrait,Elapidae,Pan-India,Neurotoxic,Extremely toxic,Yes,Least Concern,"Agricultural fields, rural areas",90,150,data/raw_images/Venomous/CommonKrait/CommonKrait_46981_123.jpg,True
Bungarus caeruleus,CommonKrait,Elapidae,Pan-India,Neurotoxic,Extremely toxic,Yes,Least Concern,"Agricultural fields, rural areas",90,150,data/raw_images/Venomous/CommonKrait/CommonKrait_71981_123.jpg,True
Bungarus caeruleus,CommonKrait,Elapidae,Pan-India,Neurotoxic,Extremely toxic,Yes,Least Concern,"Agricultural fields, rural areas",90,150,data/raw_images/Venomous/CommonKrait/CommonKrait_31.jpg,True
Bungarus caeruleus,CommonKrait,Elapidae,Pan-India,Neurotoxic,Extremely toxic,Yes,Least Concern,"Agricultural fields, rural areas",90,150,data/raw_images/Venomous/CommonKrait/CommonKrait_111981_123.jpg,True
Bungarus caeruleus,CommonKrait,Elapidae,Pan-India,Neurotoxic,Extremely toxic,Yes,Least Concern,"Agricultural fields, rural areas",90,150,data/raw_images/Venomous/CommonKrait/CommonKrait_25.jpg,True
Bungarus caeruleus,CommonKrait,Elapidae,Pan-India,Neurotoxic,Extremely toxic,Yes,Least Concern,"Agricultural fields, rural areas",90,150,data/raw_images/Venomous/CommonKrait/CommonKrait_13981_123.jpg,True
Bungarus caeruleus,CommonKrait,Elapidae,Pan-India,Neurotoxic,Extremely toxic,Yes,Least Concern,"Agricultural fields, rural areas",90,150,data/raw_images/Venomous/CommonKrait/CommonKrait_101.jpg,True
Bungarus caeruleus,CommonKrait,Elapidae,Pan-India,Neurotoxic,Extremely toxic,Yes,Least Concern,"Agricultural fields, rural areas",90,150,data/raw_images/Venomous/CommonKrait/CommonKrait_100.jpg,True
Bungarus caeruleus,CommonKrait,Elapidae,Pan-India,Neurotoxic,Extremely toxic,Yes,Least Concern,"Agricultural fields, rural areas",90,150,data/raw_images/Venomous/CommonKrait/CommonKrait_114.jpg,True
Bungarus caeruleus,CommonKrait,Elapidae,Pan-India,Neurotoxic,Extremely toxic,Yes,Least Concern,"Agricultural fields, rural areas",90,150,data/raw_images/Venomous/CommonKrait/CommonKrait_18.jpg,True
Bungarus caeruleus,CommonKrait,Elapidae,Pan-India,Neurotoxic,Extremely toxic,Yes,Least Concern,"Agricultural fields, rural areas",90,150,data/raw_images/Venomous/CommonKrait/CommonKrait_30.jpg,True
Bungarus caeruleus,CommonKrait,Elapidae,Pan-India,Neurotoxic,Extremely toxic,Yes,Least Concern,"Agricultural fields, rural areas",90,150,data/raw_images/Venomous/CommonKrait/000020981_123.jpg,True
Bungarus caeruleus,CommonKrait,Elapidae,Pan-India,Neurotoxic,Extremely toxic,Yes,Least Concern,"Agricultural fields, rural areas",90,150,data/raw_images/Venomous/CommonKrait/000017981_123.jpg,True
Bungarus caeruleus,CommonKrait,Elapidae,Pan-India,Neurotoxic,Extremely toxic,Yes,Least Concern,"Agricultural fields, rural areas",90,150,data/raw_images/Venomous/CommonKrait/000039981_123.jpg,True
Bungarus caeruleus,CommonKrait,Elapidae,Pan-India,Neurotoxic,Extremely toxic,Yes,Least Concern,"Agricultural fields, rural areas",90,150,data/raw_images/Venomous/CommonKrait/CommonKrait_74981_123.jpg,True
Bungarus caeruleus,CommonKrait,Elapidae,Pan-India,Neurotoxic,Extremely toxic,Yes,Least Concern,"Agricultural fields, rural areas",90,150,data/raw_images/Venomous/CommonKrait/CommonKrait_43981_123.jpg,True
Bungarus caeruleus,CommonKrait,Elapidae,Pan-India,Neurotoxic,Extremely toxic,Yes,Least Concern,"Agricultural fields, rural areas",90,150,data/raw_images/Venomous/CommonKrait/CommonKrait_21981_123.png,True
Bungarus caeruleus,CommonKrait,Elapidae,Pan-India,Neurotoxic,Extremely toxic,Yes,Least Concern,"Agricultural fields, rural areas",90,150,data/raw_images/Venomous/CommonKrait/CommonKrait_21981_123.jpg,True
Bungarus caeruleus,CommonKrait,Elapidae,Pan-India,Neurotoxic,Extremely toxic,Yes,Least Concern,"Agricultural fields, rural areas",90,150,data/raw_images/Venomous/CommonKrait/CommonKrait_114981_123.jpg,True
Bungarus caeruleus,CommonKrait,Elapidae,Pan-India,Neurotoxic,Extremely toxic,Yes,Least Concern,"Agricultural fields, rural areas",90,150,data/raw_images/Venomous/CommonKrait/CommonKrait_34.jpg,True
Bungarus caeruleus,CommonKrait,Elapidae,Pan-India,Neurotoxic,Extremely toxic,Yes,Least Concern,"Agricultural fields, rural areas",90,150,data/raw_images/Venomous/CommonKrait/CommonKrait_20.jpg,True
Bungarus caeruleus,CommonKrait,Elapidae,Pan-India,Neurotoxic,Extremely toxic,Yes,Least Concern,"Agricultural fields, rural areas",90,150,data/raw_images/Venomous/CommonKrait/CommonKrait_110.jpg,True
Bungarus caeruleus,CommonKrait,Elapidae,Pan-India,Neurotoxic,Extremely toxic,Yes,Least Concern,"Agricultural fields, rural areas",90,150,data/raw_images/Venomous/CommonKrait/CommonKrait_104.jpg,True
Bungarus caeruleus,CommonKrait,Elapidae,Pan-India,Neurotoxic,Extremely toxic,Yes,Least Concern,"Agricultural fields, rural areas",90,150,data/raw_images/Venomous/CommonKrait/CommonKrait_111.jpg,True
Bungarus caeruleus,CommonKrait,Elapidae,Pan-India,Neurotoxic,Extremely toxic,Yes,Least Concern,"Agricultural fields, rural areas",90,150,data/raw_images/Venomous/CommonKrait/000012981_123.jpg,True
Bungarus caeruleus,CommonKrait,Elapidae,Pan-India,Neurotoxic,Extremely toxic,Yes,Least Concern,"Agricultural fields, rural areas",90,150,data/raw_images/Venomous/CommonKrait/CommonKrait_21.jpg,True
Bungarus caeruleus,CommonKrait,Elapidae,Pan-India,Neurotoxic,Extremely toxic,Yes,Least Concern,"Agricultural fields, rural areas",90,150,data/raw_images/Venomous/CommonKrait/CommonKrait_68981_123.jpg,True
Bungarus caeruleus,CommonKrait,Elapidae,Pan-India,Neurotoxic,Extremely toxic,Yes,Least Concern,"Agricultural fields, rural areas",90,150,data/raw_images/Venomous/CommonKrait/CommonKrait_108981_123.jpg,True
Bungarus caeruleus,CommonKrait,Elapidae,Pan-India,Neurotoxic,Extremely toxic,Yes,Least Concern,"Agricultural fields, rural areas",90,150,data/raw_images/Venomous/CommonKrait/CommonKrait_97981_123.jpg,True
Bungarus caeruleus,CommonKrait,Elapidae,Pan-India,Neurotoxic,Extremely toxic,Yes,Least Concern,"Agricultural fields, rural areas",90,150,data/raw_images/Venomous/CommonKrait/CommonKrait_86981_123.JPG,True
Bungarus caeruleus,CommonKrait,Elapidae,Pan-India,Neurotoxic,Extremely toxic,Yes,Least Concern,"Agricultural fields, rural areas",90,150,data/raw_images/Venomous/CommonKrait/CommonKrait_8.jpg,True
Bungarus caeruleus,CommonKrait,Elapidae,Pan-India,Neurotoxic,Extremely toxic,Yes,Least Concern,"Agricultural fields, rural areas",90,150,data/raw_images/Venomous/CommonKrait/000056981_123.jpg,True
Bungarus caeruleus,CommonKrait,Elapidae,Pan-India,Neurotoxic,Extremely toxic,Yes,Least Concern,"Agricultural fields, rural areas",90,150,data/raw_images/Venomous/CommonKrait/000034981_123.jpg,True
Bungarus caeruleus,CommonKrait,Elapidae,Pan-India,Neurotoxic,Extremely toxic,Yes,Least Concern,"Agricultural fields, rural areas",90,150,data/raw_images/Venomous/CommonKrait/CommonKrait_79981_123.jpg,True
Bungarus caeruleus,CommonKrait,Elapidae,Pan-India,Neurotoxic,Extremely toxic,Yes,Least Concern,"Agricultural fields, rural areas",90,150,data/raw_images/Venomous/CommonKrait/CommonKrait_23.jpg,True
Bungarus caeruleus,CommonKrait,Elapidae,Pan-India,Neurotoxic,Extremely toxic,Yes,Least Concern,"Agricultural fields, rural areas",90,150,data/raw_images/Venomous/CommonKrait/000003981_123.jpg,True
Bungarus caeruleus,CommonKrait,Elapidae,Pan-India,Neurotoxic,Extremely toxic,Yes,Least Concern,"Agricultural fields, rural areas",90,150,data/raw_images/Venomous/CommonKrait/CommonKrait_113.jpg,True
Bungarus caeruleus,CommonKrait,Elapidae,Pan-India,Neurotoxic,Extremely toxic,Yes,Least Concern,"Agricultural fields, rural areas",90,150,data/raw_images/Venomous/CommonKrait/CommonKrait_112.jpg,True
Bungarus caeruleus,CommonKrait,Elapidae,Pan-India,Neurotoxic,Extremely toxic,Yes,Least Concern,"Agricultural fields, rural areas",90,150,data/raw_images/Venomous/CommonKrait/CommonKrait_106.jpg,True
Bungarus caeruleus,CommonKrait,Elapidae,Pan-India,Neurotoxic,Extremely toxic,Yes,Least Concern,"Agricultural fields, rural areas",90,150,data/raw_images/Venomous/CommonKrait/CommonKrait_22.JPG,True
Bungarus caeruleus,CommonKrait,Elapidae,Pan-India,Neurotoxic,Extremely toxic,Yes,Least Concern,"Agricultural fields, rural areas",90,150,data/raw_images/Venomous/CommonKrait/CommonKrait_25981_123.jpeg,True
Bungarus caeruleus,CommonKrait,Elapidae,Pan-India,Neurotoxic,Extremely toxic,Yes,Least Concern,"Agricultural fields, rural areas",90,150,data/raw_images/Venomous/CommonKrait/CommonKrait_6981_123.jpg,True
Bungarus caeruleus,CommonKrait,Elapidae,Pan-India,Neurotoxic,Extremely toxic,Yes,Least Concern,"Agricultural fields, rural areas",90,150,data/raw_images/Venomous/CommonKrait/CommonKrait_9.jpg,True
Bungarus caeruleus,CommonKrait,Elapidae,Pan-India,Neurotoxic,Extremely toxic,Yes,Least Concern,"Agricultural fields, rural areas",90,150,data/raw_images/Venomous/CommonKrait/CommonKrait_30981_123.jpg,True
Bungarus caeruleus,CommonKrait,Elapidae,Pan-India,Neurotoxic,Extremely toxic,Yes,Least Concern,"Agricultural fields, rural areas",90,150,data/raw_images/Venomous/CommonKrait/CommonKrait_52981_123.jpg,True
Bungarus caeruleus,CommonKrait,Elapidae,Pan-India,Neurotoxic,Extremely toxic,Yes,Least Concern,"Agricultural fields, rural areas",90,150,data/raw_images/Venomous/CommonKrait/CommonKrait_65981_123.jpg,True
Bungarus caeruleus,CommonKrait,Elapidae,Pan-India,Neurotoxic,Extremely toxic,Yes,Least Concern,"Agricultural fields, rural areas",90,150,data/raw_images/Venomous/CommonKrait/CommonKrait_8981_123.jpg,True
Bungarus caeruleus,CommonKrait,Elapidae,Pan-India,Neurotoxic,Extremely toxic,Yes,Least Concern,"Agricultural fields, rural areas",90,150,data/raw_images/Venomous/CommonKrait/CommonKrait_122.jpeg,True
Bungarus caeruleus,CommonKrait,Elapidae,Pan-India,Neurotoxic,Extremely toxic,Yes,Least Concern,"Agricultural fields, rural areas",90,150,data/raw_images/Venomous/CommonKrait/000026981_123.jpg,True
Bungarus caeruleus,CommonKrait,Elapidae,Pan-India,Neurotoxic,Extremely toxic,Yes,Least Concern,"Agricultural fields, rural areas",90,150,data/raw_images/Venomous/CommonKrait/000011981_123.jpg,True
Bungarus caeruleus,CommonKrait,Elapidae,Pan-India,Neurotoxic,Extremely toxic,Yes,Least Concern,"Agricultural fields, rural areas",90,150,data/raw_images/Venomous/CommonKrait/CommonKrait_13.jpg,True
Bungarus caeruleus,CommonKrait,Elapidae,Pan-India,Neurotoxic,Extremely toxic,Yes,Least Concern,"Agricultural fields, rural areas",90,150,data/raw_images/Venomous/CommonKrait/CommonKrait_12.jpg,True
Bungarus caeruleus,CommonKrait,Elapidae,Pan-India,Neurotoxic,Extremely toxic,Yes,Least Concern,"Agricultural fields, rural areas",90,150,data/raw_images/Venomous/CommonKrait/CommonKrait_88981_123.jpg,True
Bungarus caeruleus,CommonKrait,Elapidae,Pan-India,Neurotoxic,Extremely toxic,Yes,Least Concern,"Agricultural fields, rural areas",90,150,data/raw_images/Venomous/CommonKrait/CommonKrait_40981_123.jpg,True
Bungarus caeruleus,CommonKrait,Elapidae,Pan-India,Neurotoxic,Extremely toxic,Yes,Least Concern,"Agricultural fields, rural areas",90,150,data/raw_images/Venomous/CommonKrait/CommonKrait_117981_123.png,True
Bungarus caeruleus,CommonKrait,Elapidae,Pan-India,Neurotoxic,Extremely toxic,Yes,Least Concern,"Agricultural fields, rural areas",90,150,data/raw_images/Venomous/CommonKrait/CommonKrait_5.jpg,True
Bungarus caeruleus,CommonKrait,Elapidae,Pan-India,Neurotoxic,Extremely toxic,Yes,Least Concern,"Agricultural fields, rural areas",90,150,data/raw_images/Venomous/CommonKrait/CommonKrait_77981_123.jpg,True
Bungarus caeruleus,CommonKrait,Elapidae,Pan-India,Neurotoxic,Extremely toxic,Yes,Least Concern,"Agricultural fields, rural areas",90,150,data/raw_images/Venomous/CommonKrait/CommonKrait_22981_123.JPG,True
Bungarus caeruleus,CommonKrait,Elapidae,Pan-India,Neurotoxic,Extremely toxic,Yes,Least Concern,"Agricultural fields, rural areas",90,150,data/raw_images/Venomous/CommonKrait/CommonKrait_15981_123.JPG,True
Bungarus caeruleus,CommonKrait,Elapidae,Pan-India,Neurotoxic,Extremely toxic,Yes,Least Concern,"Agricultural fields, rural areas",90,150,data/raw_images/Venomous/CommonKrait/000058981_123.jpg,True
Bungarus caeruleus,CommonKrait,Elapidae,Pan-India,Neurotoxic,Extremely toxic,Yes,Least Concern,"Agricultural fields, rural areas",90,150,data/raw_images/Venomous/CommonKrait/CommonKrait_106981_123.jpg,True
Bungarus caeruleus,CommonKrait,Elapidae,Pan-India,Neurotoxic,Extremely toxic,Yes,Least Concern,"Agricultural fields, rural areas",90,150,data/raw_images/Venomous/CommonKrait/000049981_123.jpg,True
Bungarus caeruleus,CommonKrait,Elapidae,Pan-India,Neurotoxic,Extremely toxic,Yes,Least Concern,"Agricultural fields, rural areas",90,150,data/raw_images/Venomous/CommonKrait/CommonKrait_33981_123.jpg,True
Bungarus caeruleus,CommonKrait,Elapidae,Pan-India,Neurotoxic,Extremely toxic,Yes,Least Concern,"Agricultural fields, rural areas",90,150,data/raw_images/Venomous/CommonKrait/CommonKrait_7.jpg,True
Bungarus caeruleus,CommonKrait,Elapidae,Pan-India,Neurotoxic,Extremely toxic,Yes,Least Concern,"Agricultural fields, rural areas",90,150,data/raw_images/Venomous/CommonKrait/CommonKrait_10.jpg,True
Bungarus caeruleus,CommonKrait,Elapidae,Pan-India,Neurotoxic,Extremely toxic,Yes,Least Concern,"Agricultural fields, rural areas",90,150,data/raw_images/Venomous/CommonKrait/CommonKrait_108.jpg,True
Bungarus caeruleus,CommonKrait,Elapidae,Pan-India,Neurotoxic,Extremely toxic,Yes,Least Concern,"Agricultural fields, rural areas",90,150,data/raw_images/Venomous/CommonKrait/CommonKrait_5981_123.jpg,True
Bungarus caeruleus,CommonKrait,Elapidae,Pan-India,Neurotoxic,Extremely toxic,Yes,Least Concern,"Agricultural fields, rural areas",90,150,data/raw_images/Venomous/CommonKrait/CommonKrait_18981_123.jpg,True
Bungarus caeruleus,CommonKrait,Elapidae,Pan-India,Neurotoxic,Extremely toxic,Yes,Least Concern,"Agricultural fields, rural areas",90,150,data/raw_images/Venomous/CommonKrait/000055981_123.jpg,True
Bungarus caeruleus,CommonKrait,Elapidae,Pan-India,Neurotoxic,Extremely toxic,Yes,Least Concern,"Agricultural fields, rural areas",90,150,data/raw_images/Venomous/CommonKrait/CommonKrait_109.jpg,True
Bungarus caeruleus,CommonKrait,Elapidae,Pan-India,Neurotoxic,Extremely toxic,Yes,Least Concern,"Agricultural fields, rural areas",90,150,data/raw_images/Venomous/CommonKrait/CommonKrait_39.jpg,True
Bungarus caeruleus,CommonKrait,Elapidae,Pan-India,Neurotoxic,Extremely toxic,Yes,Least Concern,"Agricultural fields, rural areas",90,150,data/raw_images/Venomous/CommonKrait/CommonKrait_11.jpg,True
Bungarus caeruleus,CommonKrait,Elapidae,Pan-India,Neurotoxic,Extremely toxic,Yes,Least Concern,"Agricultural fields, rural areas",90,150,data/raw_images/Venomous/CommonKrait/000037981_123.jpg,True
Bungarus caeruleus,CommonKrait,Elapidae,Pan-India,Neurotoxic,Extremely toxic,Yes,Least Concern,"Agricultural fields, rural areas",90,150,data/raw_images/Venomous/CommonKrait/CommonKrait_121.png,True
Bungarus caeruleus,CommonKrait,Elapidae,Pan-India,Neurotoxic,Extremely toxic,Yes,Least Concern,"Agricultural fields, rural areas",90,150,data/raw_images/Venomous/CommonKrait/CommonKrait_6.jpg,True
Bungarus caeruleus,CommonKrait,Elapidae,Pan-India,Neurotoxic,Extremely toxic,Yes,Least Concern,"Agricultural fields, rural areas",90,150,data/raw_images/Venomous/CommonKrait/CommonKrait_85981_123.jpg,True
Bungarus caeruleus,CommonKrait,Elapidae,Pan-India,Neurotoxic,Extremely toxic,Yes,Least Concern,"Agricultural fields, rural areas",90,150,data/raw_images/Venomous/CommonKrait/CommonKrait_2.jpg,True
Bungarus caeruleus,CommonKrait,Elapidae,Pan-India,Neurotoxic,Extremely toxic,Yes,Least Concern,"Agricultural fields, rural areas",90,150,data/raw_images/Venomous/CommonKrait/CommonKrait_36981_123.jpg,True
Bungarus caeruleus,CommonKrait,Elapidae,Pan-India,Neurotoxic,Extremely toxic,Yes,Least Concern,"Agricultural fields, rural areas",90,150,data/raw_images/Venomous/CommonKrait/CommonKrait_54981_123.jpg,True
Bungarus caeruleus,CommonKrait,Elapidae,Pan-India,Neurotoxic,Extremely toxic,Yes,Least Concern,"Agricultural fields, rural areas",90,150,data/raw_images/Venomous/CommonKrait/CommonKrait_29.jpg,True
Bungarus caeruleus,CommonKrait,Elapidae,Pan-India,Neurotoxic,Extremely toxic,Yes,Least Concern,"Agricultural fields, rural areas",90,150,data/raw_images/Venomous/CommonKrait/000019981_123.jpg,True
Bungarus caeruleus,CommonKrait,Elapidae,Pan-India,Neurotoxic,Extremely toxic,Yes,Least Concern,"Agricultural fields, rural areas",90,150,data/raw_images/Venomous/CommonKrait/CommonKrait_15.jpg,True
Bungarus caeruleus,CommonKrait,Elapidae,Pan-India,Neurotoxic,Extremely toxic,Yes,Least Concern,"Agricultural fields, rural areas",90,150,data/raw_images/Venomous/CommonKrait/CommonKrait_63981_123.jpg,True
Bungarus caeruleus,CommonKrait,Elapidae,Pan-India,Neurotoxic,Extremely toxic,Yes,Least Concern,"Agricultural fields, rural areas",90,150,data/raw_images/Venomous/CommonKrait/CommonKrait_80981_123.jpg,True
Bungarus caeruleus,CommonKrait,Elapidae,Pan-India,Neurotoxic,Extremely toxic,Yes,Least Concern,"Agricultural fields, rural areas",90,150,data/raw_images/Venomous/CommonKrait/CommonKrait_14.jpg,True
Bungarus caeruleus,CommonKrait,Elapidae,Pan-India,Neurotoxic,Extremely toxic,Yes,Least Concern,"Agricultural fields, rural areas",90,150,data/raw_images/Venomous/CommonKrait/CommonKrait_28.jpg,True
Bungarus caeruleus,CommonKrait,Elapidae,Pan-India,Neurotoxic,Extremely toxic,Yes,Least Concern,"Agricultural fields, rural areas",90,150,data/raw_images/Venomous/CommonKrait/CommonKrait_118.png,True
Bungarus caeruleus,CommonKrait,Elapidae,Pan-India,Neurotoxic,Extremely toxic,Yes,Least Concern,"Agricultural fields, rural areas",90,150,data/raw_images/Venomous/CommonKrait/CommonKrait_3.jpg,True
Bungarus caeruleus,CommonKrait,Elapidae,Pan-India,Neurotoxic,Extremely toxic,Yes,Least Concern,"Agricultural fields, rural areas",90,150,data/raw_images/Venomous/CommonKrait/000032981_123.png,True
Bungarus caeruleus,CommonKrait,Elapidae,Pan-India,Neurotoxic,Extremely toxic,Yes,Least Concern,"Agricultural fields, rural areas",90,150,data/raw_images/Venomous/CommonKrait/000050981_123.jpg,True
Bungarus caeruleus,CommonKrait,Elapidae,Pan-India,Neurotoxic,Extremely toxic,Yes,Least Concern,"Agricultural fields, rural areas",90,150,data/raw_images/Venomous/CommonKrait/000032981_123.jpg,True
Bungarus caeruleus,CommonKrait,Elapidae,Pan-India,Neurotoxic,Extremely toxic,Yes,Least Concern,"Agricultural fields, rural areas",90,150,data/raw_images/Venomous/CommonKrait/000005981_123.jpg,True
Bungarus caeruleus,CommonKrait,Elapidae,Pan-India,Neurotoxic,Extremely toxic,Yes,Least Concern,"Agricultural fields, rural areas",90,150,data/raw_images/Venomous/CommonKrait/CommonKrait_48981_123.jpg,True
Bungarus caeruleus,CommonKrait,Elapidae,Pan-India,Neurotoxic,Extremely toxic,Yes,Least Concern,"Agricultural fields, rural areas",90,150,data/raw_images/Venomous/CommonKrait/CommonKrait_59981_123.jpg,True
Bungarus caeruleus,CommonKrait,Elapidae,Pan-India,Neurotoxic,Extremely toxic,Yes,Least Concern,"Agricultural fields, rural areas",90,150,data/raw_images/Venomous/CommonKrait/000014981_123.jpg,True
Bungarus caeruleus,CommonKrait,Elapidae,Pan-India,Neurotoxic,Extremely toxic,Yes,Least Concern,"Agricultural fields, rural areas",90,150,data/raw_images/Venomous/CommonKrait/CommonKrait_1.JPG,True
Bungarus caeruleus,CommonKrait,Elapidae,Pan-India,Neurotoxic,Extremely toxic,Yes,Least Concern,"Agricultural fields, rural areas",90,150,data/raw_images/Venomous/CommonKrait/CommonKrait_91981_123.jpg,True
Bungarus caeruleus,CommonKrait,Elapidae,Pan-India,Neurotoxic,Extremely toxic,Yes,Least Concern,"Agricultural fields, rural areas",90,150,data/raw_images/Venomous/CommonKrait/CommonKrait_72981_123.JPG,True
Bungarus caeruleus,CommonKrait,Elapidae,Pan-India,Neurotoxic,Extremely toxic,Yes,Least Concern,"Agricultural fields, rural areas",90,150,data/raw_images/Venomous/CommonKrait/CommonKrait_45981_123.jpg,True
Bungarus caeruleus,CommonKrait,Elapidae,Pan-India,Neurotoxic,Extremely toxic,Yes,Least Concern,"Agricultural fields, rural areas",90,150,data/raw_images/Venomous/CommonKrait/CommonKrait_112981_123.jpg,True
Bungarus caeruleus,CommonKrait,Elapidae,Pan-India,Neurotoxic,Extremely toxic,Yes,Least Concern,"Agricultural fields, rural areas",90,150,data/raw_images/Venomous/CommonKrait/CommonKrait_10981_123.jpg,True
Bungarus caeruleus,CommonKrait,Elapidae,Pan-India,Neurotoxic,Extremely toxic,Yes,Least Concern,"Agricultural fields, rural areas",90,150,data/raw_images/Venomous/CommonKrait/CommonKrait_27981_123.jpg,True
Bungarus caeruleus,CommonKrait,Elapidae,Pan-India,Neurotoxic,Extremely toxic,Yes,Least Concern,"Agricultural fields, rural areas",90,150,data/raw_images/Venomous/CommonKrait/CommonKrait_27981_123.jpeg,True
Bungarus caeruleus,CommonKrait,Elapidae,Pan-India,Neurotoxic,Extremely toxic,Yes,Least Concern,"Agricultural fields, rural areas",90,150,data/raw_images/Venomous/CommonKrait/CommonKrait_122981_123.jpeg,True
Bungarus caeruleus,CommonKrait,Elapidae,Pan-India,Neurotoxic,Extremely toxic,Yes,Least Concern,"Agricultural fields, rural areas",90,150,data/raw_images/Venomous/CommonKrait/000038981_123.jpg,True
Bungarus caeruleus,CommonKrait,Elapidae,Pan-India,Neurotoxic,Extremely toxic,Yes,Least Concern,"Agricultural fields, rural areas",90,150,data/raw_images/Venomous/CommonKrait/CommonKrait_42981_123.jpg,True
Bungarus caeruleus,CommonKrait,Elapidae,Pan-India,Neurotoxic,Extremely toxic,Yes,Least Concern,"Agricultural fields, rural areas",90,150,data/raw_images/Venomous/CommonKrait/CommonKrait_20981_123.png,True
Bungarus caeruleus,CommonKrait,Elapidae,Pan-India,Neurotoxic,Extremely toxic,Yes,Least Concern,"Agricultural fields, rural areas",90,150,data/raw_images/Venomous/CommonKrait/CommonKrait_20981_123.jpg,True
Bungarus caeruleus,CommonKrait,Elapidae,Pan-India,Neurotoxic,Extremely toxic,Yes,Least Concern,"Agricultural fields, rural areas",90,150,data/raw_images/Venomous/CommonKrait/CommonKrait_59.jpg,True
Bungarus caeruleus,CommonKrait,Elapidae,Pan-India,Neurotoxic,Extremely toxic,Yes,Least Concern,"Agricultural fields, rural areas",90,150,data/raw_images/Venomous/CommonKrait/CommonKrait_71.jpg,True
Bungarus caeruleus,CommonKrait,Elapidae,Pan-India,Neurotoxic,Extremely toxic,Yes,Least Concern,"Agricultural fields, rural areas",90,150,data/raw_images/Venomous/CommonKrait/CommonKrait_65.jpg,True
Bungarus caeruleus,CommonKrait,Elapidae,Pan-India,Neurotoxic,Extremely toxic,Yes,Least Concern,"Agricultural fields, rural areas",90,150,data/raw_images/Venomous/CommonKrait/000024981_123.jpg,True
Bungarus caeruleus,CommonKrait,Elapidae,Pan-India,Neurotoxic,Extremely toxic,Yes,Least Concern,"Agricultural fields, rural areas",90,150,data/raw_images/Venomous/CommonKrait/CommonKrait_109981_123.jpg,True
Bungarus caeruleus,CommonKrait,Elapidae,Pan-India,Neurotoxic,Extremely toxic,Yes,Least Concern,"Agricultural fields, rural areas",90,150,data/raw_images/Venomous/CommonKrait/000013981_123.png,True
Bungarus caeruleus,CommonKrait,Elapidae,Pan-India,Neurotoxic,Extremely toxic,Yes,Least Concern,"Agricultural fields, rural areas",90,150,data/raw_images/Venomous/CommonKrait/000060981_123.jpg,True
Bungarus caeruleus,CommonKrait,Elapidae,Pan-India,Neurotoxic,Extremely toxic,Yes,Least Concern,"Agricultural fields, rural areas",90,150,data/raw_images/Venomous/CommonKrait/CommonKrait_78981_123.jpg,True
Bungarus caeruleus,CommonKrait,Elapidae,Pan-India,Neurotoxic,Extremely toxic,Yes,Least Concern,"Agricultural fields, rural areas",90,150,data/raw_images/Venomous/CommonKrait/000002981_123.jpg,True
Bungarus caeruleus,CommonKrait,Elapidae,Pan-India,Neurotoxic,Extremely toxic,Yes,Least Concern,"Agricultural fields, rural areas",90,150,data/raw_images/Venomous/CommonKrait/CommonKrait_118981_123.png,True
Bungarus caeruleus,CommonKrait,Elapidae,Pan-India,Neurotoxic,Extremely toxic,Yes,Least Concern,"Agricultural fields, rural areas",90,150,data/raw_images/Venomous/CommonKrait/CommonKrait_87981_123.jpg,True
Bungarus caeruleus,CommonKrait,Elapidae,Pan-India,Neurotoxic,Extremely toxic,Yes,Least Concern,"Agricultural fields, rural areas",90,150,data/raw_images/Venomous/CommonKrait/CommonKrait_73.jpg,True
Bungarus caeruleus,CommonKrait,Elapidae,Pan-India,Neurotoxic,Extremely toxic,Yes,Least Concern,"Agricultural fields, rural areas",90,150,data/raw_images/Venomous/CommonKrait/CommonKrait_67.jpg,True
Bungarus caeruleus,CommonKrait,Elapidae,Pan-India,Neurotoxic,Extremely toxic,Yes,Least Concern,"Agricultural fields, rural areas",90,150,data/raw_images/Venomous/CommonKrait/CommonKrait_98.jpg,True
Bungarus caeruleus,CommonKrait,Elapidae,Pan-India,Neurotoxic,Extremely toxic,Yes,Least Concern,"Agricultural fields, rural areas",90,150,data/raw_images/Venomous/CommonKrait/CommonKrait_104981_123.jpg,True
Bungarus caeruleus,CommonKrait,Elapidae,Pan-India,Neurotoxic,Extremely toxic,Yes,Least Concern,"Agricultural fields, rural areas",90,150,data/raw_images/Venomous/CommonKrait/CommonKrait_31981_123.jpg,True
Bungarus caeruleus,CommonKrait,Elapidae,Pan-India,Neurotoxic,Extremely toxic,Yes,Least Concern,"Agricultural fields, rural areas",90,150,data/raw_images/Venomous/CommonKrait/CommonKrait_66.jpg,True
Bungarus caeruleus,CommonKrait,Elapidae,Pan-India,Neurotoxic,Extremely toxic,Yes,Least Concern,"Agricultural fields, rural areas",90,150,data/raw_images/Venomous/CommonKrait/CommonKrait_72.JPG,True
Bungarus caeruleus,CommonKrait,Elapidae,Pan-India,Neurotoxic,Extremely toxic,Yes,Least Concern,"Agricultural fields, rural areas",90,150,data/raw_images/Venomous/CommonKrait/CommonKrait_7981_123.jpg,True
Bungarus caeruleus,CommonKrait,Elapidae,Pan-India,Neurotoxic,Extremely toxic,Yes,Least Concern,"Agricultural fields, rural areas",90,150,data/raw_images/Venomous/CommonKrait/CommonKrait_82981_123.JPG,True
Bungarus caeruleus,CommonKrait,Elapidae,Pan-India,Neurotoxic,Extremely toxic,Yes,Least Concern,"Agricultural fields, rural areas",90,150,data/raw_images/Venomous/CommonKrait/CommonKrait_28981_123.jpeg,True
Bungarus caeruleus,CommonKrait,Elapidae,Pan-India,Neurotoxic,Extremely toxic,Yes,Least Concern,"Agricultural fields, rural areas",90,150,data/raw_images/Venomous/CommonKrait/000065981_123.jpg,True
Bungarus caeruleus,CommonKrait,Elapidae,Pan-India,Neurotoxic,Extremely toxic,Yes,Least Concern,"Agricultural fields, rural areas",90,150,data/raw_images/Venomous/CommonKrait/CommonKrait_28981_123.jpg,True
Bungarus caeruleus,CommonKrait,Elapidae,Pan-India,Neurotoxic,Extremely toxic,Yes,Least Concern,"Agricultural fields, rural areas",90,150,data/raw_images/Venomous/CommonKrait/CommonKrait_62.jpg,True
Bungarus caeruleus,CommonKrait,Elapidae,Pan-India,Neurotoxic,Extremely toxic,Yes,Least Concern,"Agricultural fields, rural areas",90,150,data/raw_images/Venomous/CommonKrait/CommonKrait_89.jpg,True
Bungarus caeruleus,CommonKrait,Elapidae,Pan-India,Neurotoxic,Extremely toxic,Yes,Least Concern,"Agricultural fields, rural areas",90,150,data/raw_images/Venomous/CommonKrait/000007981_123.jpg,True
Bungarus caeruleus,CommonKrait,Elapidae,Pan-India,Neurotoxic,Extremely toxic,Yes,Least Concern,"Agricultural fields, rural areas",90,150,data/raw_images/Venomous/CommonKrait/000030981_123.jpg,True
Bungarus caeruleus,CommonKrait,Elapidae,Pan-India,Neurotoxic,Extremely toxic,Yes,Least Concern,"Agricultural fields, rural areas",90,150,data/raw_images/Venomous/CommonKrait/CommonKrait_88.jpg,True
Bungarus caeruleus,CommonKrait,Elapidae,Pan-India,Neurotoxic,Extremely toxic,Yes,Least Concern,"Agricultural fields, rural areas",90,150,data/raw_images/Venomous/CommonKrait/CommonKrait_63.jpg,True
Bungarus caeruleus,CommonKrait,Elapidae,Pan-India,Neurotoxic,Extremely toxic,Yes,Least Concern,"Agricultural fields, rural areas",90,150,data/raw_images/Venomous/CommonKrait/CommonKrait_77.jpg,True
Bungarus caeruleus,CommonKrait,Elapidae,Pan-India,Neurotoxic,Extremely toxic,Yes,Least Concern,"Agricultural fields, rural areas",90,150,data/raw_images/Venomous/CommonKrait/CommonKrait_2981_123.jpg,True
Bungarus caeruleus,CommonKrait,Elapidae,Pan-India,Neurotoxic,Extremely toxic,Yes,Least Concern,"Agricultural fields, rural areas",90,150,data/raw_images/Venomous/CommonKrait/CommonKrait_101981_123.jpg,True
Bungarus caeruleus,CommonKrait,Elapidae,Pan-India,Neurotoxic,Extremely toxic,Yes,Least Concern,"Agricultural fields, rural areas",90,150,data/raw_images/Venomous/CommonKrait/CommonKrait_125.jpeg,True
Bungarus caeruleus,CommonKrait,Elapidae,Pan-India,Neurotoxic,Extremely toxic,Yes,Least Concern,"Agricultural fields, rural areas",90,150,data/raw_images/Venomous/CommonKrait/CommonKrait_56981_123.jpg,True
Bungarus caeruleus,CommonKrait,Elapidae,Pan-India,Neurotoxic,Extremely toxic,Yes,Least Concern,"Agricultural fields, rural areas",90,150,data/raw_images/Venomous/CommonKrait/CommonKrait_47981_123.jpg,True
Bungarus caeruleus,CommonKrait,Elapidae,Pan-India,Neurotoxic,Extremely toxic,Yes,Least Concern,"Agricultural fields, rural areas",90,150,data/raw_images/Venomous/CommonKrait/CommonKrait_25981_123.jpg,True
Bungarus caeruleus,CommonKrait,Elapidae,Pan-India,Neurotoxic,Extremely toxic,Yes,Least Concern,"Agricultural fields, rural areas",90,150,data/raw_images/Venomous/CommonKrait/CommonKrait_49.jpg,True
Bungarus caeruleus,CommonKrait,Elapidae,Pan-India,Neurotoxic,Extremely toxic,Yes,Least Concern,"Agricultural fields, rural areas",90,150,data/raw_images/Venomous/CommonKrait/CommonKrait_61.jpg,True
Bungarus caeruleus,CommonKrait,Elapidae,Pan-India,Neurotoxic,Extremely toxic,Yes,Least Concern,"Agricultural fields, rural areas",90,150,data/raw_images/Venomous/CommonKrait/000021981_123.jpg,True
Bungarus caeruleus,CommonKrait,Elapidae,Pan-India,Neurotoxic,Extremely toxic,Yes,Least Concern,"Agricultural fields, rural areas",90,150,data/raw_images/Venomous/CommonKrait/000016981_123.jpg,True
Bungarus caeruleus,CommonKrait,Elapidae,Pan-India,Neurotoxic,Extremely toxic,Yes,Least Concern,"Agricultural fields, rural areas",90,150,data/raw_images/Venomous/CommonKrait/CommonKrait_74.jpg,True
Bungarus caeruleus,CommonKrait,Elapidae,Pan-India,Neurotoxic,Extremely toxic,Yes,Least Concern,"Agricultural fields, rural areas",90,150,data/raw_images/Venomous/CommonKrait/CommonKrait_60.jpg,True
Bungarus caeruleus,CommonKrait,Elapidae,Pan-India,Neurotoxic,Extremely toxic,Yes,Least Concern,"Agricultural fields, rural areas",90,150,data/raw_images/Venomous/CommonKrait/CommonKrait_48.jpg,True
Bungarus caeruleus,CommonKrait,Elapidae,Pan-India,Neurotoxic,Extremely toxic,Yes,Least Concern,"Agricultural fields, rural areas",90,150,data/raw_images/Venomous/CommonKrait/CommonKrait_39981_123.jpg,True
Bungarus caeruleus,CommonKrait,Elapidae,Pan-India,Neurotoxic,Extremely toxic,Yes,Least Concern,"Agricultural fields, rural areas",90,150,data/raw_images/Venomous/CommonKrait/CommonKrait_93981_123.jpg,True
Ptyas mucosa,CommonRat Snake,Colubridae,Pan-India,Non-venomous,Non-toxic,No,Least Concern,"Urban areas, agricultural fields",150,300,data/raw_images/Non-Venomous/CommonRat Snake/CommonRat_20.jpg,False
Ptyas mucosa,CommonRat Snake,Colubridae,Pan-India,Non-venomous,Non-toxic,No,Least Concern,"Urban areas, agricultural fields",150,300,data/raw_images/Non-Venomous/CommonRat Snake/CommonRat_165.jpg,False
Ptyas mucosa,CommonRat Snake,Colubridae,Pan-India,Non-venomous,Non-toxic,No,Least Concern,"Urban areas, agricultural fields",150,300,data/raw_images/Non-Venomous/CommonRat Snake/CommonRat_34.jpg,False
Ptyas mucosa,CommonRat Snake,Colubridae,Pan-India,Non-venomous,Non-toxic,No,Least Concern,"Urban areas, agricultural fields",150,300,data/raw_images/Non-Venomous/CommonRat Snake/CommonRat_159.jpg,False
Ptyas mucosa,CommonRat Snake,Colubridae,Pan-India,Non-venomous,Non-toxic,No,Least Concern,"Urban areas, agricultural fields",150,300,data/raw_images/Non-Venomous/CommonRat Snake/CommonRat_70.jpeg,False
Ptyas mucosa,CommonRat Snake,Colubridae,Pan-India,Non-venomous,Non-toxic,No,Least Concern,"Urban areas, agricultural fields",150,300,data/raw_images/Non-Venomous/CommonRat Snake/CommonRat_164.jpg,False
Ptyas mucosa,CommonRat Snake,Colubridae,Pan-India,Non-venomous,Non-toxic,No,Least Concern,"Urban areas, agricultural fields",150,300,data/raw_images/Non-Venomous/CommonRat Snake/CommonRat_170.JPG,False
Ptyas mucosa,CommonRat Snake,Colubridae,Pan-India,Non-venomous,Non-toxic,No,Least Concern,"Urban areas, agricultural fields",150,300,data/raw_images/Non-Venomous/CommonRat Snake/CommonRat_23.jpg,False
Ptyas mucosa,CommonRat Snake,Colubridae,Pan-India,Non-venomous,Non-toxic,No,Least Concern,"Urban areas, agricultural fields",150,300,data/raw_images/Non-Venomous/CommonRat Snake/CommonRat_172.jpg,False
Ptyas mucosa,CommonRat Snake,Colubridae,Pan-India,Non-venomous,Non-toxic,No,Least Concern,"Urban areas, agricultural fields",150,300,data/raw_images/Non-Venomous/CommonRat Snake/CommonRat_182.jpeg,False
Ptyas mucosa,CommonRat Snake,Colubridae,Pan-India,Non-venomous,Non-toxic,No,Least Concern,"Urban areas, agricultural fields",150,300,data/raw_images/Non-Venomous/CommonRat Snake/CommonRat_194.jpeg,False
Ptyas mucosa,CommonRat Snake,Colubridae,Pan-India,Non-venomous,Non-toxic,No,Least Concern,"Urban areas, agricultural fields",150,300,data/raw_images/Non-Venomous/CommonRat Snake/CommonRat_173.jpg,False
Ptyas mucosa,CommonRat Snake,Colubridae,Pan-India,Non-venomous,Non-toxic,No,Least Concern,"Urban areas, agricultural fields",150,300,data/raw_images/Non-Venomous/CommonRat Snake/CommonRat_22.jpg,False
Ptyas mucosa,CommonRat Snake,Colubridae,Pan-India,Non-venomous,Non-toxic,No,Least Concern,"Urban areas, agricultural fields",150,300,data/raw_images/Non-Venomous/CommonRat Snake/CommonRat_167.jpg,False
Ptyas mucosa,CommonRat Snake,Colubridae,Pan-India,Non-venomous,Non-toxic,No,Least Concern,"Urban areas, agricultural fields",150,300,data/raw_images/Non-Venomous/CommonRat Snake/CommonRat_163.jpg,False
Ptyas mucosa,CommonRat Snake,Colubridae,Pan-India,Non-venomous,Non-toxic,No,Least Concern,"Urban areas, agricultural fields",150,300,data/raw_images/Non-Venomous/CommonRat Snake/CommonRat_32.jpg,False
Ptyas mucosa,CommonRat Snake,Colubridae,Pan-India,Non-venomous,Non-toxic,No,Least Concern,"Urban areas, agricultural fields",150,300,data/raw_images/Non-Venomous/CommonRat Snake/CommonRat_26.jpg,False
Ptyas mucosa,CommonRat Snake,Colubridae,Pan-India,Non-venomous,Non-toxic,No,Least Concern,"Urban areas, agricultural fields",150,300,data/raw_images/Non-Venomous/CommonRat Snake/CommonRat_177.JPG,False
Ptyas mucosa,CommonRat Snake,Colubridae,Pan-India,Non-venomous,Non-toxic,No,Least Concern,"Urban areas, agricultural fields",150,300,data/raw_images/Non-Venomous/CommonRat Snake/CommonRat_183.jpeg,False
Ptyas mucosa,CommonRat Snake,Colubridae,Pan-India,Non-venomous,Non-toxic,No,Least Concern,"Urban areas, agricultural fields",150,300,data/raw_images/Non-Venomous/CommonRat Snake/CommonRat_176.jpg,False
Ptyas mucosa,CommonRat Snake,Colubridae,Pan-India,Non-venomous,Non-toxic,No,Least Concern,"Urban areas, agricultural fields",150,300,data/raw_images/Non-Venomous/CommonRat Snake/CommonRat_27.jpg,False
Ptyas mucosa,CommonRat Snake,Colubridae,Pan-India,Non-venomous,Non-toxic,No,Least Concern,"Urban areas, agricultural fields",150,300,data/raw_images/Non-Venomous/CommonRat Snake/CommonRat_162.jpg,False
Ptyas mucosa,CommonRat Snake,Colubridae,Pan-India,Non-venomous,Non-toxic,No,Least Concern,"Urban areas, agricultural fields",150,300,data/raw_images/Non-Venomous/CommonRat Snake/CommonRat_67.jpeg,False
Ptyas mucosa,CommonRat Snake,Colubridae,Pan-India,Non-venomous,Non-toxic,No,Least Concern,"Urban areas, agricultural fields",150,300,data/raw_images/Non-Venomous/CommonRat Snake/CommonRat_148.jpg,False
Ptyas mucosa,CommonRat Snake,Colubridae,Pan-India,Non-venomous,Non-toxic,No,Least Concern,"Urban areas, agricultural fields",150,300,data/raw_images/Non-Venomous/CommonRat Snake/CommonRat_19.jpg,False
Ptyas mucosa,CommonRat Snake,Colubridae,Pan-India,Non-venomous,Non-toxic,No,Least Concern,"Urban areas, agricultural fields",150,300,data/raw_images/Non-Venomous/CommonRat Snake/CommonRat_25.jpg,False
Ptyas mucosa,CommonRat Snake,Colubridae,Pan-India,Non-venomous,Non-toxic,No,Least Concern,"Urban areas, agricultural fields",150,300,data/raw_images/Non-Venomous/CommonRat Snake/CommonRat_160.JPG,False
Ptyas mucosa,CommonRat Snake,Colubridae,Pan-India,Non-venomous,Non-toxic,No,Least Concern,"Urban areas, agricultural fields",150,300,data/raw_images/Non-Venomous/CommonRat Snake/CommonRat_31.jpg,False
Ptyas mucosa,CommonRat Snake,Colubridae,Pan-India,Non-venomous,Non-toxic,No,Least Concern,"Urban areas, agricultural fields",150,300,data/raw_images/Non-Venomous/CommonRat Snake/CommonRat_71.jpeg,False
Ptyas mucosa,CommonRat Snake,Colubridae,Pan-India,Non-venomous,Non-toxic,No,Least Concern,"Urban areas, agricultural fields",150,300,data/raw_images/Non-Venomous/CommonRat Snake/CommonRat_30.jpg,False
Ptyas mucosa,CommonRat Snake,Colubridae,Pan-India,Non-venomous,Non-toxic,No,Least Concern,"Urban areas, agricultural fields",150,300,data/raw_images/Non-Venomous/CommonRat Snake/CommonRat_161.JPG,False
Ptyas mucosa,CommonRat Snake,Colubridae,Pan-India,Non-venomous,Non-toxic,No,Least Concern,"Urban areas, agricultural fields",150,300,data/raw_images/Non-Venomous/CommonRat Snake/CommonRat_175.jpg,False
Ptyas mucosa,CommonRat Snake,Colubridae,Pan-India,Non-venomous,Non-toxic,No,Least Concern,"Urban areas, agricultural fields",150,300,data/raw_images/Non-Venomous/CommonRat Snake/CommonRat_24.jpg,False
Ptyas mucosa,CommonRat Snake,Colubridae,Pan-India,Non-venomous,Non-toxic,No,Least Concern,"Urban areas, agricultural fields",150,300,data/raw_images/Non-Venomous/CommonRat Snake/CommonRat_18.jpg,False
Ptyas mucosa,CommonRat Snake,Colubridae,Pan-India,Non-venomous,Non-toxic,No,Least Concern,"Urban areas, agricultural fields",150,300,data/raw_images/Non-Venomous/CommonRat Snake/CommonRat_149.jpg,False
Ptyas mucosa,CommonRat Snake,Colubridae,Pan-India,Non-venomous,Non-toxic,No,Least Concern,"Urban areas, agricultural fields",150,300,data/raw_images/Non-Venomous/CommonRat Snake/CommonRat_112.jpg,False
Ptyas mucosa,CommonRat Snake,Colubridae,Pan-India,Non-venomous,Non-toxic,No,Least Concern,"Urban areas, agricultural fields",150,300,data/raw_images/Non-Venomous/CommonRat Snake/CommonRat_57.jpg,False
Ptyas mucosa,CommonRat Snake,Colubridae,Pan-India,Non-venomous,Non-toxic,No,Least Concern,"Urban areas, agricultural fields",150,300,data/raw_images/Non-Venomous/CommonRat Snake/CommonRat_106.jpg,False
Ptyas mucosa,CommonRat Snake,Colubridae,Pan-India,Non-venomous,Non-toxic,No,Least Concern,"Urban areas, agricultural fields",150,300,data/raw_images/Non-Venomous/CommonRat Snake/CommonRat_80.jpg,False
Ptyas mucosa,CommonRat Snake,Colubridae,Pan-India,Non-venomous,Non-toxic,No,Least Concern,"Urban areas, agricultural fields",150,300,data/raw_images/Non-Venomous/CommonRat Snake/CommonRat_184.jpeg,False
Ptyas mucosa,CommonRat Snake,Colubridae,Pan-India,Non-venomous,Non-toxic,No,Least Concern,"Urban areas, agricultural fields",150,300,data/raw_images/Non-Venomous/CommonRat Snake/CommonRat_94.jpg,False
Ptyas mucosa,CommonRat Snake,Colubridae,Pan-India,Non-venomous,Non-toxic,No,Least Concern,"Urban areas, agricultural fields",150,300,data/raw_images/Non-Venomous/CommonRat Snake/CommonRat_6.jpg,False
Ptyas mucosa,CommonRat Snake,Colubridae,Pan-India,Non-venomous,Non-toxic,No,Least Concern,"Urban areas, agricultural fields",150,300,data/raw_images/Non-Venomous/CommonRat Snake/CommonRat_56.jpeg,False
Ptyas mucosa,CommonRat Snake,Colubridae,Pan-India,Non-venomous,Non-toxic,No,Least Concern,"Urban areas, agricultural fields",150,300,data/raw_images/Non-Venomous/CommonRat Snake/CommonRat_7.jpg,False
Ptyas mucosa,CommonRat Snake,Colubridae,Pan-India,Non-venomous,Non-toxic,No,Least Concern,"Urban areas, agricultural fields",150,300,data/raw_images/Non-Venomous/CommonRat Snake/CommonRat_95.jpg,False
Ptyas mucosa,CommonRat Snake,Colubridae,Pan-India,Non-venomous,Non-toxic,No,Least Concern,"Urban areas, agricultural fields",150,300,data/raw_images/Non-Venomous/CommonRat Snake/CommonRat_81.jpg,False
Ptyas mucosa,CommonRat Snake,Colubridae,Pan-India,Non-venomous,Non-toxic,No,Least Concern,"Urban areas, agricultural fields",150,300,data/raw_images/Non-Venomous/CommonRat Snake/CommonRat_107.jpg,False
Ptyas mucosa,CommonRat Snake,Colubridae,Pan-India,Non-venomous,Non-toxic,No,Least Concern,"Urban areas, agricultural fields",150,300,data/raw_images/Non-Venomous/CommonRat Snake/CommonRat_113.jpg,False
Ptyas mucosa,CommonRat Snake,Colubridae,Pan-India,Non-venomous,Non-toxic,No,Least Concern,"Urban areas, agricultural fields",150,300,data/raw_images/Non-Venomous/CommonRat Snake/CommonRat_105.jpg,False
Ptyas mucosa,CommonRat Snake,Colubridae,Pan-India,Non-venomous,Non-toxic,No,Least Concern,"Urban areas, agricultural fields",150,300,data/raw_images/Non-Venomous/CommonRat Snake/CommonRat_111.jpg,False
Ptyas mucosa,CommonRat Snake,Colubridae,Pan-India,Non-venomous,Non-toxic,No,Least Concern,"Urban areas, agricultural fields",150,300,data/raw_images/Non-Venomous/CommonRat Snake/CommonRat_139.jpg,False
Ptyas mucosa,CommonRat Snake,Colubridae,Pan-India,Non-venomous,Non-toxic,No,Least Concern,"Urban areas, agricultural fields",150,300,data/raw_images/Non-Venomous/CommonRat Snake/CommonRat_68.jpg,False
Ptyas mucosa,CommonRat Snake,Colubridae,Pan-India,Non-venomous,Non-toxic,No,Least Concern,"Urban areas, agricultural fields",150,300,data/raw_images/Non-Venomous/CommonRat Snake/CommonRat_97.jpg,False
Ptyas mucosa,CommonRat Snake,Colubridae,Pan-India,Non-venomous,Non-toxic,No,Least Concern,"Urban areas, agricultural fields",150,300,data/raw_images/Non-Venomous/CommonRat Snake/CommonRat_83.jpg,False
Ptyas mucosa,CommonRat Snake,Colubridae,Pan-India,Non-venomous,Non-toxic,No,Least Concern,"Urban areas, agricultural fields",150,300,data/raw_images/Non-Venomous/CommonRat Snake/CommonRat_5.jpg,False
Ptyas mucosa,CommonRat Snake,Colubridae,Pan-India,Non-venomous,Non-toxic,No,Least Concern,"Urban areas, agricultural fields",150,300,data/raw_images/Non-Venomous/CommonRat Snake/CommonRat_4.jpg,False
Ptyas mucosa,CommonRat Snake,Colubridae,Pan-India,Non-venomous,Non-toxic,No,Least Concern,"Urban areas, agricultural fields",150,300,data/raw_images/Non-Venomous/CommonRat Snake/CommonRat_82.jpg,False
Ptyas mucosa,CommonRat Snake,Colubridae,Pan-India,Non-venomous,Non-toxic,No,Least Concern,"Urban areas, agricultural fields",150,300,data/raw_images/Non-Venomous/CommonRat Snake/CommonRat_138.jpg,False
Ptyas mucosa,CommonRat Snake,Colubridae,Pan-India,Non-venomous,Non-toxic,No,Least Concern,"Urban areas, agricultural fields",150,300,data/raw_images/Non-Venomous/CommonRat Snake/CommonRat_110.jpg,False
Ptyas mucosa,CommonRat Snake,Colubridae,Pan-India,Non-venomous,Non-toxic,No,Least Concern,"Urban areas, agricultural fields",150,300,data/raw_images/Non-Venomous/CommonRat Snake/CommonRat_104.jpg,False
Ptyas mucosa,CommonRat Snake,Colubridae,Pan-India,Non-venomous,Non-toxic,No,Least Concern,"Urban areas, agricultural fields",150,300,data/raw_images/Non-Venomous/CommonRat Snake/CommonRat_55.jpg,False
Ptyas mucosa,CommonRat Snake,Colubridae,Pan-India,Non-venomous,Non-toxic,No,Least Concern,"Urban areas, agricultural fields",150,300,data/raw_images/Non-Venomous/CommonRat Snake/CommonRat_60.jpeg,False
Ptyas mucosa,CommonRat Snake,Colubridae,Pan-India,Non-venomous,Non-toxic,No,Least Concern,"Urban areas, agricultural fields",150,300,data/raw_images/Non-Venomous/CommonRat Snake/CommonRat_61.jpeg,False
Ptyas mucosa,CommonRat Snake,Colubridae,Pan-India,Non-venomous,Non-toxic,No,Least Concern,"Urban areas, agricultural fields",150,300,data/raw_images/Non-Venomous/CommonRat Snake/CommonRat_51.png,False
Ptyas mucosa,CommonRat Snake,Colubridae,Pan-India,Non-venomous,Non-toxic,No,Least Concern,"Urban areas, agricultural fields",150,300,data/raw_images/Non-Venomous/CommonRat Snake/CommonRat_79.jpg,False
Ptyas mucosa,CommonRat Snake,Colubridae,Pan-India,Non-venomous,Non-toxic,No,Least Concern,"Urban areas, agricultural fields",150,300,data/raw_images/Non-Venomous/CommonRat Snake/CommonRat_128.jpg,False
Ptyas mucosa,CommonRat Snake,Colubridae,Pan-India,Non-venomous,Non-toxic,No,Least Concern,"Urban areas, agricultural fields",150,300,data/raw_images/Non-Venomous/CommonRat Snake/CommonRat_114.jpg,False
Ptyas mucosa,CommonRat Snake,Colubridae,Pan-India,Non-venomous,Non-toxic,No,Least Concern,"Urban areas, agricultural fields",150,300,data/raw_images/Non-Venomous/CommonRat Snake/CommonRat_45.jpg,False
Ptyas mucosa,CommonRat Snake,Colubridae,Pan-India,Non-venomous,Non-toxic,No,Least Concern,"Urban areas, agricultural fields",150,300,data/raw_images/Non-Venomous/CommonRat Snake/CommonRat_92.jpg,False
Ptyas mucosa,CommonRat Snake,Colubridae,Pan-India,Non-venomous,Non-toxic,No,Least Concern,"Urban areas, agricultural fields",150,300,data/raw_images/Non-Venomous/CommonRat Snake/CommonRat_86.jpg,False
Ptyas mucosa,CommonRat Snake,Colubridae,Pan-India,Non-venomous,Non-toxic,No,Least Concern,"Urban areas, agricultural fields",150,300,data/raw_images/Non-Venomous/CommonRat Snake/CommonRat_1.jpg,False
Ptyas mucosa,CommonRat Snake,Colubridae,Pan-India,Non-venomous,Non-toxic,No,Least Concern,"Urban areas, agricultural fields",150,300,data/raw_images/Non-Venomous/CommonRat Snake/CommonRat_93.jpg,False
Ptyas mucosa,CommonRat Snake,Colubridae,Pan-India,Non-venomous,Non-toxic,No,Least Concern,"Urban areas, agricultural fields",150,300,data/raw_images/Non-Venomous/CommonRat Snake/CommonRat_115.jpg,False
Ptyas mucosa,CommonRat Snake,Colubridae,Pan-India,Non-venomous,Non-toxic,No,Least Concern,"Urban areas, agricultural fields",150,300,data/raw_images/Non-Venomous/CommonRat Snake/CommonRat_101.jpg,False
Ptyas mucosa,CommonRat Snake,Colubridae,Pan-India,Non-venomous,Non-toxic,No,Least Concern,"Urban areas, agricultural fields",150,300,data/raw_images/Non-Venomous/CommonRat Snake/CommonRat_50.jpg,False
Ptyas mucosa,CommonRat Snake,Colubridae,Pan-India,Non-venomous,Non-toxic,No,Least Concern,"Urban areas, agricultural fields",150,300,data/raw_images/Non-Venomous/CommonRat Snake/CommonRat_78.jpg,False
Ptyas mucosa,CommonRat Snake,Colubridae,Pan-India,Non-venomous,Non-toxic,No,Least Concern,"Urban areas, agricultural fields",150,300,data/raw_images/Non-Venomous/CommonRat Snake/CommonRat_52.png,False
Ptyas mucosa,CommonRat Snake,Colubridae,Pan-India,Non-venomous,Non-toxic,No,Least Concern,"Urban areas, agricultural fields",150,300,data/raw_images/Non-Venomous/CommonRat Snake/CommonRat_117.jpg,False
Ptyas mucosa,CommonRat Snake,Colubridae,Pan-India,Non-venomous,Non-toxic,No,Least Concern,"Urban areas, agricultural fields",150,300,data/raw_images/Non-Venomous/CommonRat Snake/CommonRat_52.jpg,False
Ptyas mucosa,CommonRat Snake,Colubridae,Pan-India,Non-venomous,Non-toxic,No,Least Concern,"Urban areas, agricultural fields",150,300,data/raw_images/Non-Venomous/CommonRat Snake/CommonRat_103.jpg,False
Ptyas mucosa,CommonRat Snake,Colubridae,Pan-India,Non-venomous,Non-toxic,No,Least Concern,"Urban areas, agricultural fields",150,300,data/raw_images/Non-Venomous/CommonRat Snake/CommonRat_91.jpg,False
Ptyas mucosa,CommonRat Snake,Colubridae,Pan-India,Non-venomous,Non-toxic,No,Least Concern,"Urban areas, agricultural fields",150,300,data/raw_images/Non-Venomous/CommonRat Snake/CommonRat_193.jpeg,False
Ptyas mucosa,CommonRat Snake,Colubridae,Pan-India,Non-venomous,Non-toxic,No,Least Concern,"Urban areas, agricultural fields",150,300,data/raw_images/Non-Venomous/CommonRat Snake/CommonRat_2.jpg,False
Ptyas mucosa,CommonRat Snake,Colubridae,Pan-India,Non-venomous,Non-toxic,No,Least Concern,"Urban areas, agricultural fields",150,300,data/raw_images/Non-Venomous/CommonRat Snake/CommonRat_57.jpeg,False
Ptyas mucosa,CommonRat Snake,Colubridae,Pan-India,Non-venomous,Non-toxic,No,Least Concern,"Urban areas, agricultural fields",150,300,data/raw_images/Non-Venomous/CommonRat Snake/CommonRat_90.jpg,False
Ptyas mucosa,CommonRat Snake,Colubridae,Pan-India,Non-venomous,Non-toxic,No,Least Concern,"Urban areas, agricultural fields",150,300,data/raw_images/Non-Venomous/CommonRat Snake/CommonRat_185.jpeg,False
Ptyas mucosa,CommonRat Snake,Colubridae,Pan-India,Non-venomous,Non-toxic,No,Least Concern,"Urban areas, agricultural fields",150,300,data/raw_images/Non-Venomous/CommonRat Snake/CommonRat_84.jpg,False
Ptyas mucosa,CommonRat Snake,Colubridae,Pan-India,Non-venomous,Non-toxic,No,Least Concern,"Urban areas, agricultural fields",150,300,data/raw_images/Non-Venomous/CommonRat Snake/CommonRat_102.jpg,False
Ptyas mucosa,CommonRat Snake,Colubridae,Pan-India,Non-venomous,Non-toxic,No,Least Concern,"Urban areas, agricultural fields",150,300,data/raw_images/Non-Venomous/CommonRat Snake/CommonRat_116.jpg,False
Ptyas mucosa,CommonRat Snake,Colubridae,Pan-India,Non-venomous,Non-toxic,No,Least Concern,"Urban areas, agricultural fields",150,300,data/raw_images/Non-Venomous/CommonRat Snake/CommonRat_62.jpg,False
Ptyas mucosa,CommonRat Snake,Colubridae,Pan-India,Non-venomous,Non-toxic,No,Least Concern,"Urban areas, agricultural fields",150,300,data/raw_images/Non-Venomous/CommonRat Snake/CommonRat_127.jpg,False
Ptyas mucosa,CommonRat Snake,Colubridae,Pan-India,Non-venomous,Non-toxic,No,Least Concern,"Urban areas, agricultural fields",150,300,data/raw_images/Non-Venomous/CommonRat Snake/CommonRat_76.jpg,False
Ptyas mucosa,CommonRat Snake,Colubridae,Pan-India,Non-venomous,Non-toxic,No,Least Concern,"Urban areas, agricultural fields",150,300,data/raw_images/Non-Venomous/CommonRat Snake/CommonRat_54.jpeg,False
Ptyas mucosa,CommonRat Snake,Colubridae,Pan-India,Non-venomous,Non-toxic,No,Least Concern,"Urban areas, agricultural fields",150,300,data/raw_images/Non-Venomous/CommonRat Snake/CommonRat_77.jpg,False
Ptyas mucosa,CommonRat Snake,Colubridae,Pan-India,Non-venomous,Non-toxic,No,Least Concern,"Urban areas, agricultural fields",150,300,data/raw_images/Non-Venomous/CommonRat Snake/CommonRat_126.jpg,False
Ptyas mucosa,CommonRat Snake,Colubridae,Pan-India,Non-venomous,Non-toxic,No,Least Concern,"Urban areas, agricultural fields",150,300,data/raw_images/Non-Venomous/CommonRat Snake/CommonRat_132.jpg,False
Ptyas mucosa,CommonRat Snake,Colubridae,Pan-India,Non-venomous,Non-toxic,No,Least Concern,"Urban areas, agricultural fields",150,300,data/raw_images/Non-Venomous/CommonRat Snake/CommonRat_63.jpg,False
Ptyas mucosa,CommonRat Snake,Colubridae,Pan-India,Non-venomous,Non-toxic,No,Least Concern,"Urban areas, agricultural fields",150,300,data/raw_images/Non-Venomous/CommonRat Snake/CommonRat_62.jpeg,False
Ptyas mucosa,CommonRat Snake,Colubridae,Pan-India,Non-venomous,Non-toxic,No,Least Concern,"Urban areas, agricultural fields",150,300,data/raw_images/Non-Venomous/CommonRat Snake/CommonRat_124.jpg,False
Ptyas mucosa,CommonRat Snake,Colubridae,Pan-India,Non-venomous,Non-toxic,No,Least Concern,"Urban areas, agricultural fields",150,300,data/raw_images/Non-Venomous/CommonRat Snake/CommonRat_75.jpg,False
Ptyas mucosa,CommonRat Snake,Colubridae,Pan-India,Non-venomous,Non-toxic,No,Least Concern,"Urban areas, agricultural fields",150,300,data/raw_images/Non-Venomous/CommonRat Snake/CommonRat_61.jpg,False
Ptyas mucosa,CommonRat Snake,Colubridae,Pan-India,Non-venomous,Non-toxic,No,Least Concern,"Urban areas, agricultural fields",150,300,data/raw_images/Non-Venomous/CommonRat Snake/CommonRat_130.jpg,False
Ptyas mucosa,CommonRat Snake,Colubridae,Pan-India,Non-venomous,Non-toxic,No,Least Concern,"Urban areas, agricultural fields",150,300,data/raw_images/Non-Venomous/CommonRat Snake/CommonRat_118.jpg,False
Ptyas mucosa,CommonRat Snake,Colubridae,Pan-India,Non-venomous,Non-toxic,No,Least Concern,"Urban areas, agricultural fields",150,300,data/raw_images/Non-Venomous/CommonRat Snake/CommonRat_58.jpeg,False
Ptyas mucosa,CommonRat Snake,Colubridae,Pan-India,Non-venomous,Non-toxic,No,Least Concern,"Urban areas, agricultural fields",150,300,data/raw_images/Non-Venomous/CommonRat Snake/CommonRat_119.jpg,False
Ptyas mucosa,CommonRat Snake,Colubridae,Pan-India,Non-venomous,Non-toxic,No,Least Concern,"Urban areas, agricultural fields",150,300,data/raw_images/Non-Venomous/CommonRat Snake/CommonRat_131.JPG,False
Ptyas mucosa,CommonRat Snake,Colubridae,Pan-India,Non-venomous,Non-toxic,No,Least Concern,"Urban areas, agricultural fields",150,300,data/raw_images/Non-Venomous/CommonRat Snake/CommonRat_60.jpg,False
Ptyas mucosa,CommonRat Snake,Colubridae,Pan-India,Non-venomous,Non-toxic,No,Least Concern,"Urban areas, agricultural fields",150,300,data/raw_images/Non-Venomous/CommonRat Snake/CommonRat_74.jpg,False
Ptyas mucosa,CommonRat Snake,Colubridae,Pan-India,Non-venomous,Non-toxic,No,Least Concern,"Urban areas, agricultural fields",150,300,data/raw_images/Non-Venomous/CommonRat Snake/CommonRat_125.jpg,False
Ptyas mucosa,CommonRat Snake,Colubridae,Pan-India,Non-venomous,Non-toxic,No,Least Concern,"Urban areas, agricultural fields",150,300,data/raw_images/Non-Venomous/CommonRat Snake/CommonRat_109.JPG,False
Ptyas mucosa,CommonRat Snake,Colubridae,Pan-India,Non-venomous,Non-toxic,No,Least Concern,"Urban areas, agricultural fields",150,300,data/raw_images/Non-Venomous/CommonRat Snake/CommonRat_58.jpg,False
Ptyas mucosa,CommonRat Snake,Colubridae,Pan-India,Non-venomous,Non-toxic,No,Least Concern,"Urban areas, agricultural fields",150,300,data/raw_images/Non-Venomous/CommonRat Snake/CommonRat_121.jpg,False
Ptyas mucosa,CommonRat Snake,Colubridae,Pan-India,Non-venomous,Non-toxic,No,Least Concern,"Urban areas, agricultural fields",150,300,data/raw_images/Non-Venomous/CommonRat Snake/CommonRat_64.jpg,False
Ptyas mucosa,CommonRat Snake,Colubridae,Pan-India,Non-venomous,Non-toxic,No,Least Concern,"Urban areas, agricultural fields",150,300,data/raw_images/Non-Venomous/CommonRat Snake/CommonRat_135.jpg,False
Ptyas mucosa,CommonRat Snake,Colubridae,Pan-India,Non-venomous,Non-toxic,No,Least Concern,"Urban areas, agricultural fields",150,300,data/raw_images/Non-Venomous/CommonRat Snake/CommonRat_59.jpeg,False
Ptyas mucosa,CommonRat Snake,Colubridae,Pan-India,Non-venomous,Non-toxic,No,Least Concern,"Urban areas, agricultural fields",150,300,data/raw_images/Non-Venomous/CommonRat Snake/CommonRat_65.jpg,False
Ptyas mucosa,CommonRat Snake,Colubridae,Pan-India,Non-venomous,Non-toxic,No,Least Concern,"Urban areas, agricultural fields",150,300,data/raw_images/Non-Venomous/CommonRat Snake/CommonRat_120.jpg,False
Ptyas mucosa,CommonRat Snake,Colubridae,Pan-India,Non-venomous,Non-toxic,No,Least Concern,"Urban areas, agricultural fields",150,300,data/raw_images/Non-Venomous/CommonRat Snake/CommonRat_59.jpg,False
Ptyas mucosa,CommonRat Snake,Colubridae,Pan-India,Non-venomous,Non-toxic,No,Least Concern,"Urban areas, agricultural fields",150,300,data/raw_images/Non-Venomous/CommonRat Snake/CommonRat_108.jpg,False
Ptyas mucosa,CommonRat Snake,Colubridae,Pan-India,Non-venomous,Non-toxic,No,Least Concern,"Urban areas, agricultural fields",150,300,data/raw_images/Non-Venomous/CommonRat Snake/CommonRat_63.jpeg,False
Ptyas mucosa,CommonRat Snake,Colubridae,Pan-India,Non-venomous,Non-toxic,No,Least Concern,"Urban areas, agricultural fields",150,300,data/raw_images/Non-Venomous/CommonRat Snake/CommonRat_122.jpg,False
Ptyas mucosa,CommonRat Snake,Colubridae,Pan-India,Non-venomous,Non-toxic,No,Least Concern,"Urban areas, agricultural fields",150,300,data/raw_images/Non-Venomous/CommonRat Snake/CommonRat_73.jpg,False
Ptyas mucosa,CommonRat Snake,Colubridae,Pan-India,Non-venomous,Non-toxic,No,Least Concern,"Urban areas, agricultural fields",150,300,data/raw_images/Non-Venomous/CommonRat Snake/CommonRat_55.jpeg,False
Ptyas mucosa,CommonRat Snake,Colubridae,Pan-India,Non-venomous,Non-toxic,No,Least Concern,"Urban areas, agricultural fields",150,300,data/raw_images/Non-Venomous/CommonRat Snake/CommonRat_99.jpg,False
Ptyas mucosa,CommonRat Snake,Colubridae,Pan-India,Non-venomous,Non-toxic,No,Least Concern,"Urban areas, agricultural fields",150,300,data/raw_images/Non-Venomous/CommonRat Snake/CommonRat_72.jpg,False
Ptyas mucosa,CommonRat Snake,Colubridae,Pan-India,Non-venomous,Non-toxic,No,Least Concern,"Urban areas, agricultural fields",150,300,data/raw_images/Non-Venomous/CommonRat Snake/CommonRat_123.jpg,False
Ptyas mucosa,CommonRat Snake,Colubridae,Pan-India,Non-venomous,Non-toxic,No,Least Concern,"Urban areas, agricultural fields",150,300,data/raw_images/Non-Venomous/CommonRat Snake/CommonRat_137.jpg,False
Ptyas mucosa,CommonRat Snake,Colubridae,Pan-India,Non-venomous,Non-toxic,No,Least Concern,"Urban areas, agricultural fields",150,300,data/raw_images/Non-Venomous/CommonRat Snake/CommonRat_150.jpg,False
Ptyas mucosa,CommonRat Snake,Colubridae,Pan-India,Non-venomous,Non-toxic,No,Least Concern,"Urban areas, agricultural fields",150,300,data/raw_images/Non-Venomous/CommonRat Snake/CommonRat_144.jpg,False
Ptyas mucosa,CommonRat Snake,Colubridae,Pan-India,Non-venomous,Non-toxic,No,Least Concern,"Urban areas, agricultural fields",150,300,data/raw_images/Non-Venomous/CommonRat Snake/CommonRat_178.JPG,False
Ptyas mucosa,CommonRat Snake,Colubridae,Pan-India,Non-venomous,Non-toxic,No,Least Concern,"Urban areas, agricultural fields",150,300,data/raw_images/Non-Venomous/CommonRat Snake/CommonRat_29.JPG,False
Ptyas mucosa,CommonRat Snake,Colubridae,Pan-India,Non-venomous,Non-toxic,No,Least Concern,"Urban areas, agricultural fields",150,300,data/raw_images/Non-Venomous/CommonRat Snake/CommonRat_72.jpeg,False
Ptyas mucosa,CommonRat Snake,Colubridae,Pan-India,Non-venomous,Non-toxic,No,Least Concern,"Urban areas, agricultural fields",150,300,data/raw_images/Non-Venomous/CommonRat Snake/CommonRat_28.jpg,False
Ptyas mucosa,CommonRat Snake,Colubridae,Pan-India,Non-venomous,Non-toxic,No,Least Concern,"Urban areas, agricultural fields",150,300,data/raw_images/Non-Venomous/CommonRat Snake/CommonRat_179.JPG,False
Ptyas mucosa,CommonRat Snake,Colubridae,Pan-India,Non-venomous,Non-toxic,No,Least Concern,"Urban areas, agricultural fields",150,300,data/raw_images/Non-Venomous/CommonRat Snake/CommonRat_151.jpg,False
Ptyas mucosa,CommonRat Snake,Colubridae,Pan-India,Non-venomous,Non-toxic,No,Least Concern,"Urban areas, agricultural fields",150,300,data/raw_images/Non-Venomous/CommonRat Snake/CommonRat_16.jpg,False
Ptyas mucosa,CommonRat Snake,Colubridae,Pan-India,Non-venomous,Non-toxic,No,Least Concern,"Urban areas, agricultural fields",150,300,data/raw_images/Non-Venomous/CommonRat Snake/CommonRat_147.jpg,False
Ptyas mucosa,CommonRat Snake,Colubridae,Pan-India,Non-venomous,Non-toxic,No,Least Concern,"Urban areas, agricultural fields",150,300,data/raw_images/Non-Venomous/CommonRat Snake/CommonRat_153.jpg,False
Ptyas mucosa,CommonRat Snake,Colubridae,Pan-India,Non-venomous,Non-toxic,No,Least Concern,"Urban areas, agricultural fields",150,300,data/raw_images/Non-Venomous/CommonRat Snake/CommonRat_152.jpg,False
Ptyas mucosa,CommonRat Snake,Colubridae,Pan-India,Non-venomous,Non-toxic,No,Least Concern,"Urban areas, agricultural fields",150,300,data/raw_images/Non-Venomous/CommonRat Snake/CommonRat_146.jpg,False
Ptyas mucosa,CommonRat Snake,Colubridae,Pan-India,Non-venomous,Non-toxic,No,Least Concern,"Urban areas, agricultural fields",150,300,data/raw_images/Non-Venomous/CommonRat Snake/CommonRat_17.jpg,False
Ptyas mucosa,CommonRat Snake,Colubridae,Pan-India,Non-venomous,Non-toxic,No,Least Concern,"Urban areas, agricultural fields",150,300,data/raw_images/Non-Venomous/CommonRat Snake/CommonRat_181.png,False
Ptyas mucosa,CommonRat Snake,Colubridae,Pan-India,Non-venomous,Non-toxic,No,Least Concern,"Urban areas, agricultural fields",150,300,data/raw_images/Non-Venomous/CommonRat Snake/CommonRat_142.jpg,False
Ptyas mucosa,CommonRat Snake,Colubridae,Pan-India,Non-venomous,Non-toxic,No,Least Concern,"Urban areas, agricultural fields",150,300,data/raw_images/Non-Venomous/CommonRat Snake/CommonRat_156.jpg,False
Ptyas mucosa,CommonRat Snake,Colubridae,Pan-India,Non-venomous,Non-toxic,No,Least Concern,"Urban areas, agricultural fields",150,300,data/raw_images/Non-Venomous/CommonRat Snake/CommonRat_180.jpg,False
Ptyas mucosa,CommonRat Snake,Colubridae,Pan-India,Non-venomous,Non-toxic,No,Least Concern,"Urban areas, agricultural fields",150,300,data/raw_images/Non-Venomous/CommonRat Snake/CommonRat_143.jpg,False
Ptyas mucosa,CommonRat Snake,Colubridae,Pan-India,Non-venomous,Non-toxic,No,Least Concern,"Urban areas, agricultural fields",150,300,data/raw_images/Non-Venomous/CommonRat Snake/CommonRat_12.jpg,False
Ptyas mucosa,CommonRat Snake,Colubridae,Pan-India,Non-venomous,Non-toxic,No,Least Concern,"Urban areas, agricultural fields",150,300,data/raw_images/Non-Venomous/CommonRat Snake/CommonRat_69.jpeg,False
Ptyas mucosa,CommonRat Snake,Colubridae,Pan-India,Non-venomous,Non-toxic,No,Least Concern,"Urban areas, agricultural fields",150,300,data/raw_images/Non-Venomous/CommonRat Snake/CommonRat_169.jpg,False
Ptyas mucosa,CommonRat Snake,Colubridae,Pan-India,Non-venomous,Non-toxic,No,Least Concern,"Urban areas, agricultural fields",150,300,data/raw_images/Non-Venomous/CommonRat Snake/CommonRat_155.jpg,False
Ptyas mucosa,CommonRat Snake,Colubridae,Pan-India,Non-venomous,Non-toxic,No,Least Concern,"Urban areas, agricultural fields",150,300,data/raw_images/Non-Venomous/CommonRat Snake/CommonRat_10.jpg,False
Ptyas mucosa,CommonRat Snake,Colubridae,Pan-India,Non-venomous,Non-toxic,No,Least Concern,"Urban areas, agricultural fields",150,300,data/raw_images/Non-Venomous/CommonRat Snake/CommonRat_141.jpg,False
Ptyas mucosa,CommonRat Snake,Colubridae,Pan-India,Non-venomous,Non-toxic,No,Least Concern,"Urban areas, agricultural fields",150,300,data/raw_images/Non-Venomous/CommonRat Snake/CommonRat_140.jpg,False
Ptyas mucosa,CommonRat Snake,Colubridae,Pan-India,Non-venomous,Non-toxic,No,Least Concern,"Urban areas, agricultural fields",150,300,data/raw_images/Non-Venomous/CommonRat Snake/CommonRat_154.jpg,False
Ptyas mucosa,CommonRat Snake,Colubridae,Pan-India,Non-venomous,Non-toxic,No,Least Concern,"Urban areas, agricultural fields",150,300,data/raw_images/Non-Venomous/CommonRat Snake/CommonRat_168.jpg,False
Ahaetulla nasuta,Green Tree Vine,Colubridae,Peninsular India,Mildly venomous,Non-toxic,No,Least Concern,"Forests, gardens",150,200,data/raw_images/Non-Venomous/Green Tree Vine/Green_18.jpg,False
Ahaetulla nasuta,Green Tree Vine,Colubridae,Peninsular India,Mildly venomous,Non-toxic,No,Least Concern,"Forests, gardens",150,200,data/raw_images/Non-Venomous/Green Tree Vine/Green_1.jpg,False
Ahaetulla nasuta,Green Tree Vine,Colubridae,Peninsular India,Mildly venomous,Non-toxic,No,Least Concern,"Forests, gardens",150,200,data/raw_images/Non-Venomous/Green Tree Vine/Green_19.jpg,False
Ahaetulla nasuta,Green Tree Vine,Colubridae,Peninsular India,Mildly venomous,Non-toxic,No,Least Concern,"Forests, gardens",150,200,data/raw_images/Non-Venomous/Green Tree Vine/Green_27.jpg,False
Ahaetulla nasuta,Green Tree Vine,Colubridae,Peninsular India,Mildly venomous,Non-toxic,No,Least Concern,"Forests, gardens",150,200,data/raw_images/Non-Venomous/Green Tree Vine/Green_73.jpeg,False
Ahaetulla nasuta,Green Tree Vine,Colubridae,Peninsular India,Mildly venomous,Non-toxic,No,Least Concern,"Forests, gardens",150,200,data/raw_images/Non-Venomous/Green Tree Vine/Green_2.jpg,False
Ahaetulla nasuta,Green Tree Vine,Colubridae,Peninsular India,Mildly venomous,Non-toxic,No,Least Concern,"Forests, gardens",150,200,data/raw_images/Non-Venomous/Green Tree Vine/Green_26.jpg,False
Ahaetulla nasuta,Green Tree Vine,Colubridae,Peninsular India,Mildly venomous,Non-toxic,No,Least Concern,"Forests, gardens",150,200,data/raw_images/Non-Venomous/Green Tree Vine/Green_7.jpg,False
Ahaetulla nasuta,Green Tree Vine,Colubridae,Peninsular India,Mildly venomous,Non-toxic,No,Least Concern,"Forests, gardens",150,200,data/raw_images/Non-Venomous/Green Tree Vine/Green_6.jpg,False
Ahaetulla nasuta,Green Tree Vine,Colubridae,Peninsular India,Mildly venomous,Non-toxic,No,Least Concern,"Forests, gardens",150,200,data/raw_images/Non-Venomous/Green Tree Vine/Green_72.jpeg,False
Ahaetulla nasuta,Green Tree Vine,Colubridae,Peninsular India,Mildly venomous,Non-toxic,No,Least Concern,"Forests, gardens",150,200,data/raw_images/Non-Venomous/Green Tree Vine/Green_37.jpg,False
Ahaetulla nasuta,Green Tree Vine,Colubridae,Peninsular India,Mildly venomous,Non-toxic,No,Least Concern,"Forests, gardens",150,200,data/raw_images/Non-Venomous/Green Tree Vine/Green_23.jpg,False
Ahaetulla nasuta,Green Tree Vine,Colubridae,Peninsular India,Mildly venomous,Non-toxic,No,Least Concern,"Forests, gardens",150,200,data/raw_images/Non-Venomous/Green Tree Vine/Green_35.jpg,False
Ahaetulla nasuta,Green Tree Vine,Colubridae,Peninsular India,Mildly venomous,Non-toxic,No,Least Concern,"Forests, gardens",150,200,data/raw_images/Non-Venomous/Green Tree Vine/Green_21.jpg,False
Ahaetulla nasuta,Green Tree Vine,Colubridae,Peninsular India,Mildly venomous,Non-toxic,No,Least Concern,"Forests, gardens",150,200,data/raw_images/Non-Venomous/Green Tree Vine/Green_4.jpg,False
Ahaetulla nasuta,Green Tree Vine,Colubridae,Peninsular India,Mildly venomous,Non-toxic,No,Least Concern,"Forests, gardens",150,200,data/raw_images/Non-Venomous/Green Tree Vine/Green_5.jpg,False
Ahaetulla nasuta,Green Tree Vine,Colubridae,Peninsular India,Mildly venomous,Non-toxic,No,Least Concern,"Forests, gardens",150,200,data/raw_images/Non-Venomous/Green Tree Vine/Green_34.jpg,False
Ahaetulla nasuta,Green Tree Vine,Colubridae,Peninsular India,Mildly venomous,Non-toxic,No,Least Concern,"Forests, gardens",150,200,data/raw_images/Non-Venomous/Green Tree Vine/Green_53.jpg,False
Ahaetulla nasuta,Green Tree Vine,Colubridae,Peninsular India,Mildly venomous,Non-toxic,No,Least Concern,"Forests, gardens",150,200,data/raw_images/Non-Venomous/Green Tree Vine/Green_47.jpg,False
Ahaetulla nasuta,Green Tree Vine,Colubridae,Peninsular India,Mildly venomous,Non-toxic,No,Least Concern,"Forests, gardens",150,200,data/raw_images/Non-Venomous/Green Tree Vine/Green_46.jpg,False
Ahaetulla nasuta,Green Tree Vine,Colubridae,Peninsular India,Mildly venomous,Non-toxic,No,Least Concern,"Forests, gardens",150,200,data/raw_images/Non-Venomous/Green Tree Vine/Green_52.jpg,False
Ahaetulla nasuta,Green Tree Vine,Colubridae,Peninsular India,Mildly venomous,Non-toxic,No,Least Concern,"Forests, gardens",150,200,data/raw_images/Non-Venomous/Green Tree Vine/Green_50.jpg,False
Ahaetulla nasuta,Green Tree Vine,Colubridae,Peninsular India,Mildly venomous,Non-toxic,No,Least Concern,"Forests, gardens",150,200,data/raw_images/Non-Venomous/Green Tree Vine/Green_51.jpg,False
Ahaetulla nasuta,Green Tree Vine,Colubridae,Peninsular India,Mildly venomous,Non-toxic,No,Least Concern,"Forests, gardens",150,200,data/raw_images/Non-Venomous/Green Tree Vine/Green_45.jpg,False
Ahaetulla nasuta,Green Tree Vine,Colubridae,Peninsular India,Mildly venomous,Non-toxic,No,Least Concern,"Forests, gardens",150,200,data/raw_images/Non-Venomous/Green Tree Vine/Green_55.jpg,False
Ahaetulla nasuta,Green Tree Vine,Colubridae,Peninsular India,Mildly venomous,Non-toxic,No,Least Concern,"Forests, gardens",150,200,data/raw_images/Non-Venomous/Green Tree Vine/Green_54.jpg,False
Ahaetulla nasuta,Green Tree Vine,Colubridae,Peninsular India,Mildly venomous,Non-toxic,No,Least Concern,"Forests, gardens",150,200,data/raw_images/Non-Venomous/Green Tree Vine/Green_58.jpeg,False
Ahaetulla nasuta,Green Tree Vine,Colubridae,Peninsular India,Mildly venomous,Non-toxic,No,Least Concern,"Forests, gardens",150,200,data/raw_images/Non-Venomous/Green Tree Vine/Green_43.jpg,False
Ahaetulla nasuta,Green Tree Vine,Colubridae,Peninsular India,Mildly venomous,Non-toxic,No,Least Concern,"Forests, gardens",150,200,data/raw_images/Non-Venomous/Green Tree Vine/Green_48.jpg,False
Ahaetulla nasuta,Green Tree Vine,Colubridae,Peninsular India,Mildly venomous,Non-toxic,No,Least Concern,"Forests, gardens",150,200,data/raw_images/Non-Venomous/Green Tree Vine/Green_49.jpg,False
Ahaetulla nasuta,Green Tree Vine,Colubridae,Peninsular India,Mildly venomous,Non-toxic,No,Least Concern,"Forests, gardens",150,200,data/raw_images/Non-Venomous/Green Tree Vine/Green_60.jpeg,False
Ahaetulla nasuta,Green Tree Vine,Colubridae,Peninsular India,Mildly venomous,Non-toxic,No,Least Concern,"Forests, gardens",150,200,data/raw_images/Non-Venomous/Green Tree Vine/Green_11.jpg,False
Ahaetulla nasuta,Green Tree Vine,Colubridae,Peninsular India,Mildly venomous,Non-toxic,No,Least Concern,"Forests, gardens",150,200,data/raw_images/Non-Venomous/Green Tree Vine/Green_8.jpg,False
Ahaetulla nasuta,Green Tree Vine,Colubridae,Peninsular India,Mildly venomous,Non-toxic,No,Least Concern,"Forests, gardens",150,200,data/raw_images/Non-Venomous/Green Tree Vine/Green_12.jpg,False
Ahaetulla nasuta,Green Tree Vine,Colubridae,Peninsular India,Mildly venomous,Non-toxic,No,Least Concern,"Forests, gardens",150,200,data/raw_images/Non-Venomous/Green Tree Vine/Green_17.jpg,False
Ahaetulla nasuta,Green Tree Vine,Colubridae,Peninsular India,Mildly venomous,Non-toxic,No,Least Concern,"Forests, gardens",150,200,data/raw_images/Non-Venomous/Green Tree Vine/Green_16.jpg,False
Ahaetulla nasuta,Green Tree Vine,Colubridae,Peninsular India,Mildly venomous,Non-toxic,No,Least Concern,"Forests, gardens",150,200,data/raw_images/Non-Venomous/Green Tree Vine/Green_28.jpg,False
Ahaetulla nasuta,Green Tree Vine,Colubridae,Peninsular India,Mildly venomous,Non-toxic,No,Least Concern,"Forests, gardens",150,200,data/raw_images/Non-Venomous/Green Tree Vine/Green_15.jpg,False
Ahaetulla nasuta,Green Tree Vine,Colubridae,Peninsular India,Mildly venomous,Non-toxic,No,Least Concern,"Forests, gardens",150,200,data/raw_images/Non-Venomous/Green Tree Vine/Green_29.jpg,False
Coelognathus helena,CommonTrinket,Colubridae,"South Asia (India, Sri Lanka, Pakistan, Bangladesh, Nepal)",Non-venomous,Non-toxic,No,Least Concern,"Forests, agricultural fields, human settlements, scrublands",70,150,data/raw_images/Non-Venomous/CommonTrinket/CommonTrinket_17.jpg,False
Coelognathus helena,CommonTrinket,Colubridae,"South Asia (India, Sri Lanka, Pakistan, Bangladesh, Nepal)",Non-venomous,Non-toxic,No,Least Concern,"Forests, agricultural fields, human settlements, scrublands",70,150,data/raw_images/Non-Venomous/CommonTrinket/CommonTrinket_70.jpeg,False
Coelognathus helena,CommonTrinket,Colubridae,"South Asia (India, Sri Lanka, Pakistan, Bangladesh, Nepal)",Non-venomous,Non-toxic,No,Least Concern,"Forests, agricultural fields, human settlements, scrublands",70,150,data/raw_images/Non-Venomous/CommonTrinket/000033.jpg,False
Coelognathus helena,CommonTrinket,Colubridae,"South Asia (India, Sri Lanka, Pakistan, Bangladesh, Nepal)",Non-venomous,Non-toxic,No,Least Concern,"Forests, agricultural fields, human settlements, scrublands",70,150,data/raw_images/Non-Venomous/CommonTrinket/CommonTrinket_16.jpg,False
Coelognathus helena,CommonTrinket,Colubridae,"South Asia (India, Sri Lanka, Pakistan, Bangladesh, Nepal)",Non-venomous,Non-toxic,No,Least Concern,"Forests, agricultural fields, human settlements, scrublands",70,150,data/raw_images/Non-Venomous/CommonTrinket/0000051_123.jpg,False
Coelognathus helena,CommonTrinket,Colubridae,"South Asia (India, Sri Lanka, Pakistan, Bangladesh, Nepal)",Non-venomous,Non-toxic,No,Least Concern,"Forests, agricultural fields, human settlements, scrublands",70,150,data/raw_images/Non-Venomous/CommonTrinket/0000041_123.jpg,False
Coelognathus helena,CommonTrinket,Colubridae,"South Asia (India, Sri Lanka, Pakistan, Bangladesh, Nepal)",Non-venomous,Non-toxic,No,Least Concern,"Forests, agricultural fields, human settlements, scrublands",70,150,data/raw_images/Non-Venomous/CommonTrinket/0000301_123.jpg,False
Coelognathus helena,CommonTrinket,Colubridae,"South Asia (India, Sri Lanka, Pakistan, Bangladesh, Nepal)",Non-venomous,Non-toxic,No,Least Concern,"Forests, agricultural fields, human settlements, scrublands",70,150,data/raw_images/Non-Venomous/CommonTrinket/CommonTrinket_28.jpg,False
Coelognathus helena,CommonTrinket,Colubridae,"South Asia (India, Sri Lanka, Pakistan, Bangladesh, Nepal)",Non-venomous,Non-toxic,No,Least Concern,"Forests, agricultural fields, human settlements, scrublands",70,150,data/raw_images/Non-Venomous/CommonTrinket/CommonTrinket_14.jpg,False
Coelognathus helena,CommonTrinket,Colubridae,"South Asia (India, Sri Lanka, Pakistan, Bangladesh, Nepal)",Non-venomous,Non-toxic,No,Least Concern,"Forests, agricultural fields, human settlements, scrublands",70,150,data/raw_images/Non-Venomous/CommonTrinket/000019.jpg,False
Coelognathus helena,CommonTrinket,Colubridae,"South Asia (India, Sri Lanka, Pakistan, Bangladesh, Nepal)",Non-venomous,Non-toxic,No,Least Concern,"Forests, agricultural fields, human settlements, scrublands",70,150,data/raw_images/Non-Venomous/CommonTrinket/000031.jpg,False
Coelognathus helena,CommonTrinket,Colubridae,"South Asia (India, Sri Lanka, Pakistan, Bangladesh, Nepal)",Non-venomous,Non-toxic,No,Least Concern,"Forests, agricultural fields, human settlements, scrublands",70,150,data/raw_images/Non-Venomous/CommonTrinket/000025.jpg,False
Coelognathus helena,CommonTrinket,Colubridae,"South Asia (India, Sri Lanka, Pakistan, Bangladesh, Nepal)",Non-venomous,Non-toxic,No,Least Concern,"Forests, agricultural fields, human settlements, scrublands",70,150,data/raw_images/Non-Venomous/CommonTrinket/000018.jpg,False
Coelognathus helena,CommonTrinket,Colubridae,"South Asia (India, Sri Lanka, Pakistan, Bangladesh, Nepal)",Non-venomous,Non-toxic,No,Least Concern,"Forests, agricultural fields, human settlements, scrublands",70,150,data/raw_images/Non-Venomous/CommonTrinket/0000461_123.jpg,False
Coelognathus helena,CommonTrinket,Colubridae,"South Asia (India, Sri Lanka, Pakistan, Bangladesh, Nepal)",Non-venomous,Non-toxic,No,Least Concern,"Forests, agricultural fields, human settlements, scrublands",70,150,data/raw_images/Non-Venomous/CommonTrinket/0000471_123.jpg,False
Coelognathus helena,CommonTrinket,Colubridae,"South Asia (India, Sri Lanka, Pakistan, Bangladesh, Nepal)",Non-venomous,Non-toxic,No,Least Concern,"Forests, agricultural fields, human settlements, scrublands",70,150,data/raw_images/Non-Venomous/CommonTrinket/CommonTrinket_15.jpg,False
Coelognathus helena,CommonTrinket,Colubridae,"South Asia (India, Sri Lanka, Pakistan, Bangladesh, Nepal)",Non-venomous,Non-toxic,No,Least Concern,"Forests, agricultural fields, human settlements, scrublands",70,150,data/raw_images/Non-Venomous/CommonTrinket/CommonTrinket_29.jpg,False
Coelognathus helena,CommonTrinket,Colubridae,"South Asia (India, Sri Lanka, Pakistan, Bangladesh, Nepal)",Non-venomous,Non-toxic,No,Least Concern,"Forests, agricultural fields, human settlements, scrublands",70,150,data/raw_images/Non-Venomous/CommonTrinket/CommonTrinket_11.JPG,False
Coelognathus helena,CommonTrinket,Colubridae,"South Asia (India, Sri Lanka, Pakistan, Bangladesh, Nepal)",Non-venomous,Non-toxic,No,Least Concern,"Forests, agricultural fields, human settlements, scrublands",70,150,data/raw_images/Non-Venomous/CommonTrinket/CommonTrinket_39.jpg,False
Coelognathus helena,CommonTrinket,Colubridae,"South Asia (India, Sri Lanka, Pakistan, Bangladesh, Nepal)",Non-venomous,Non-toxic,No,Least Concern,"Forests, agricultural fields, human settlements, scrublands",70,150,data/raw_images/Non-Venomous/CommonTrinket/000034.jpg,False
Coelognathus helena,CommonTrinket,Colubridae,"South Asia (India, Sri Lanka, Pakistan, Bangladesh, Nepal)",Non-venomous,Non-toxic,No,Least Concern,"Forests, agricultural fields, human settlements, scrublands",70,150,data/raw_images/Non-Venomous/CommonTrinket/000020.jpg,False
Coelognathus helena,CommonTrinket,Colubridae,"South Asia (India, Sri Lanka, Pakistan, Bangladesh, Nepal)",Non-venomous,Non-toxic,No,Least Concern,"Forests, agricultural fields, human settlements, scrublands",70,150,data/raw_images/Non-Venomous/CommonTrinket/000008.jpg,False
Coelognathus helena,CommonTrinket,Colubridae,"South Asia (India, Sri Lanka, Pakistan, Bangladesh, Nepal)",Non-venomous,Non-toxic,No,Least Concern,"Forests, agricultural fields, human settlements, scrublands",70,150,data/raw_images/Non-Venomous/CommonTrinket/000021.jpg,False
Coelognathus helena,CommonTrinket,Colubridae,"South Asia (India, Sri Lanka, Pakistan, Bangladesh, Nepal)",Non-venomous,Non-toxic,No,Least Concern,"Forests, agricultural fields, human settlements, scrublands",70,150,data/raw_images/Non-Venomous/CommonTrinket/000035.jpg,False
Coelognathus helena,CommonTrinket,Colubridae,"South Asia (India, Sri Lanka, Pakistan, Bangladesh, Nepal)",Non-venomous,Non-toxic,No,Least Concern,"Forests, agricultural fields, human settlements, scrublands",70,150,data/raw_images/Non-Venomous/CommonTrinket/CommonTrinket_10.jpg,False
Coelognathus helena,CommonTrinket,Colubridae,"South Asia (India, Sri Lanka, Pakistan, Bangladesh, Nepal)",Non-venomous,Non-toxic,No,Least Concern,"Forests, agricultural fields, human settlements, scrublands",70,150,data/raw_images/Non-Venomous/CommonTrinket/CommonTrinket_12.jpg,False
Coelognathus helena,CommonTrinket,Colubridae,"South Asia (India, Sri Lanka, Pakistan, Bangladesh, Nepal)",Non-venomous,Non-toxic,No,Least Concern,"Forests, agricultural fields, human settlements, scrublands",70,150,data/raw_images/Non-Venomous/CommonTrinket/000023.png,False
Coelognathus helena,CommonTrinket,Colubridae,"South Asia (India, Sri Lanka, Pakistan, Bangladesh, Nepal)",Non-venomous,Non-toxic,No,Least Concern,"Forests, agricultural fields, human settlements, scrublands",70,150,data/raw_images/Non-Venomous/CommonTrinket/000023.jpg,False
Coelognathus helena,CommonTrinket,Colubridae,"South Asia (India, Sri Lanka, Pakistan, Bangladesh, Nepal)",Non-venomous,Non-toxic,No,Least Concern,"Forests, agricultural fields, human settlements, scrublands",70,150,data/raw_images/Non-Venomous/CommonTrinket/000037.jpg,False
Coelognathus helena,CommonTrinket,Colubridae,"South Asia (India, Sri Lanka, Pakistan, Bangladesh, Nepal)",Non-venomous,Non-toxic,No,Least Concern,"Forests, agricultural fields, human settlements, scrublands",70,150,data/raw_images/Non-Venomous/CommonTrinket/0000261_123.jpg,False
Coelognathus helena,CommonTrinket,Colubridae,"South Asia (India, Sri Lanka, Pakistan, Bangladesh, Nepal)",Non-venomous,Non-toxic,No,Least Concern,"Forests, agricultural fields, human settlements, scrublands",70,150,data/raw_images/Non-Venomous/CommonTrinket/0000271_123.jpg,False
Coelognathus helena,CommonTrinket,Colubridae,"South Asia (India, Sri Lanka, Pakistan, Bangladesh, Nepal)",Non-venomous,Non-toxic,No,Least Concern,"Forests, agricultural fields, human settlements, scrublands",70,150,data/raw_images/Non-Venomous/CommonTrinket/000036.jpg,False
Coelognathus helena,CommonTrinket,Colubridae,"South Asia (India, Sri Lanka, Pakistan, Bangladesh, Nepal)",Non-venomous,Non-toxic,No,Least Concern,"Forests, agricultural fields, human settlements, scrublands",70,150,data/raw_images/Non-Venomous/CommonTrinket/000022.jpg,False
Coelognathus helena,CommonTrinket,Colubridae,"South Asia (India, Sri Lanka, Pakistan, Bangladesh, Nepal)",Non-venomous,Non-toxic,No,Least Concern,"Forests, agricultural fields, human settlements, scrublands",70,150,data/raw_images/Non-Venomous/CommonTrinket/CommonTrinket_71.jpeg,False
Coelognathus helena,CommonTrinket,Colubridae,"South Asia (India, Sri Lanka, Pakistan, Bangladesh, Nepal)",Non-venomous,Non-toxic,No,Least Concern,"Forests, agricultural fields, human settlements, scrublands",70,150,data/raw_images/Non-Venomous/CommonTrinket/0000501_123.jpg,False
Coelognathus helena,CommonTrinket,Colubridae,"South Asia (India, Sri Lanka, Pakistan, Bangladesh, Nepal)",Non-venomous,Non-toxic,No,Least Concern,"Forests, agricultural fields, human settlements, scrublands",70,150,data/raw_images/Non-Venomous/CommonTrinket/0000181_123.jpg,False
Coelognathus helena,CommonTrinket,Colubridae,"South Asia (India, Sri Lanka, Pakistan, Bangladesh, Nepal)",Non-venomous,Non-toxic,No,Least Concern,"Forests, agricultural fields, human settlements, scrublands",70,150,data/raw_images/Non-Venomous/CommonTrinket/0000191_123.jpg,False
Coelognathus helena,CommonTrinket,Colubridae,"South Asia (India, Sri Lanka, Pakistan, Bangladesh, Nepal)",Non-venomous,Non-toxic,No,Least Concern,"Forests, agricultural fields, human settlements, scrublands",70,150,data/raw_images/Non-Venomous/CommonTrinket/000044.jpg,False
Coelognathus helena,CommonTrinket,Colubridae,"South Asia (India, Sri Lanka, Pakistan, Bangladesh, Nepal)",Non-venomous,Non-toxic,No,Least Concern,"Forests, agricultural fields, human settlements, scrublands",70,150,data/raw_images/Non-Venomous/CommonTrinket/0000141_123.jpg,False
Coelognathus helena,CommonTrinket,Colubridae,"South Asia (India, Sri Lanka, Pakistan, Bangladesh, Nepal)",Non-venomous,Non-toxic,No,Least Concern,"Forests, agricultural fields, human settlements, scrublands",70,150,data/raw_images/Non-Venomous/CommonTrinket/0000211_123.jpg,False
Coelognathus helena,CommonTrinket,Colubridae,"South Asia (India, Sri Lanka, Pakistan, Bangladesh, Nepal)",Non-venomous,Non-toxic,No,Least Concern,"Forests, agricultural fields, human settlements, scrublands",70,150,data/raw_images/Non-Venomous/CommonTrinket/0000201_123.jpg,False
Coelognathus helena,CommonTrinket,Colubridae,"South Asia (India, Sri Lanka, Pakistan, Bangladesh, Nepal)",Non-venomous,Non-toxic,No,Least Concern,"Forests, agricultural fields, human settlements, scrublands",70,150,data/raw_images/Non-Venomous/CommonTrinket/000043.jpg,False
Coelognathus helena,CommonTrinket,Colubridae,"South Asia (India, Sri Lanka, Pakistan, Bangladesh, Nepal)",Non-venomous,Non-toxic,No,Least Concern,"Forests, agricultural fields, human settlements, scrublands",70,150,data/raw_images/Non-Venomous/CommonTrinket/000042.jpg,False
Coelognathus helena,CommonTrinket,Colubridae,"South Asia (India, Sri Lanka, Pakistan, Bangladesh, Nepal)",Non-venomous,Non-toxic,No,Least Concern,"Forests, agricultural fields, human settlements, scrublands",70,150,data/raw_images/Non-Venomous/CommonTrinket/CommonTrinket_77.jpeg,False
Coelognathus helena,CommonTrinket,Colubridae,"South Asia (India, Sri Lanka, Pakistan, Bangladesh, Nepal)",Non-venomous,Non-toxic,No,Least Concern,"Forests, agricultural fields, human settlements, scrublands",70,150,data/raw_images/Non-Venomous/CommonTrinket/0000021_123.jpg,False
Coelognathus helena,CommonTrinket,Colubridae,"South Asia (India, Sri Lanka, Pakistan, Bangladesh, Nepal)",Non-venomous,Non-toxic,No,Least Concern,"Forests, agricultural fields, human settlements, scrublands",70,150,data/raw_images/Non-Venomous/CommonTrinket/0000031_123.jpg,False
Coelognathus helena,CommonTrinket,Colubridae,"South Asia (India, Sri Lanka, Pakistan, Bangladesh, Nepal)",Non-venomous,Non-toxic,No,Least Concern,"Forests, agricultural fields, human settlements, scrublands",70,150,data/raw_images/Non-Venomous/CommonTrinket/0000361_123.jpg,False
Coelognathus helena,CommonTrinket,Colubridae,"South Asia (India, Sri Lanka, Pakistan, Bangladesh, Nepal)",Non-venomous,Non-toxic,No,Least Concern,"Forests, agricultural fields, human settlements, scrublands",70,150,data/raw_images/Non-Venomous/CommonTrinket/000040.jpg,False
Coelognathus helena,CommonTrinket,Colubridae,"South Asia (India, Sri Lanka, Pakistan, Bangladesh, Nepal)",Non-venomous,Non-toxic,No,Least Concern,"Forests, agricultural fields, human settlements, scrublands",70,150,data/raw_images/Non-Venomous/CommonTrinket/000041.jpg,False
Coelognathus helena,CommonTrinket,Colubridae,"South Asia (India, Sri Lanka, Pakistan, Bangladesh, Nepal)",Non-venomous,Non-toxic,No,Least Concern,"Forests, agricultural fields, human settlements, scrublands",70,150,data/raw_images/Non-Venomous/CommonTrinket/0000091_123.jpg,False
Coelognathus helena,CommonTrinket,Colubridae,"South Asia (India, Sri Lanka, Pakistan, Bangladesh, Nepal)",Non-venomous,Non-toxic,No,Least Concern,"Forests, agricultural fields, human settlements, scrublands",70,150,data/raw_images/Non-Venomous/CommonTrinket/0000411_123.jpg,False
Coelognathus helena,CommonTrinket,Colubridae,"South Asia (India, Sri Lanka, Pakistan, Bangladesh, Nepal)",Non-venomous,Non-toxic,No,Least Concern,"Forests, agricultural fields, human settlements, scrublands",70,150,data/raw_images/Non-Venomous/CommonTrinket/CommonTrinket_41.png,False
Coelognathus helena,CommonTrinket,Colubridae,"South Asia (India, Sri Lanka, Pakistan, Bangladesh, Nepal)",Non-venomous,Non-toxic,No,Least Concern,"Forests, agricultural fields, human settlements, scrublands",70,150,data/raw_images/Non-Venomous/CommonTrinket/0000241_123.jpg,False
Coelognathus helena,CommonTrinket,Colubridae,"South Asia (India, Sri Lanka, Pakistan, Bangladesh, Nepal)",Non-venomous,Non-toxic,No,Least Concern,"Forests, agricultural fields, human settlements, scrublands",70,150,data/raw_images/Non-Venomous/CommonTrinket/CommonTrinket_40.png,False
Coelognathus helena,CommonTrinket,Colubridae,"South Asia (India, Sri Lanka, Pakistan, Bangladesh, Nepal)",Non-venomous,Non-toxic,No,Least Concern,"Forests, agricultural fields, human settlements, scrublands",70,150,data/raw_images/Non-Venomous/CommonTrinket/CommonTrinket_42.png,False
Coelognathus helena,CommonTrinket,Colubridae,"South Asia (India, Sri Lanka, Pakistan, Bangladesh, Nepal)",Non-venomous,Non-toxic,No,Least Concern,"Forests, agricultural fields, human settlements, scrublands",70,150,data/raw_images/Non-Venomous/CommonTrinket/0000111_123.jpg,False
Coelognathus helena,CommonTrinket,Colubridae,"South Asia (India, Sri Lanka, Pakistan, Bangladesh, Nepal)",Non-venomous,Non-toxic,No,Least Concern,"Forests, agricultural fields, human settlements, scrublands",70,150,data/raw_images/Non-Venomous/CommonTrinket/0000101_123.jpg,False
Coelognathus helena,CommonTrinket,Colubridae,"South Asia (India, Sri Lanka, Pakistan, Bangladesh, Nepal)",Non-venomous,Non-toxic,No,Least Concern,"Forests, agricultural fields, human settlements, scrublands",70,150,data/raw_images/Non-Venomous/CommonTrinket/0000321_123.jpg,False
Coelognathus helena,CommonTrinket,Colubridae,"South Asia (India, Sri Lanka, Pakistan, Bangladesh, Nepal)",Non-venomous,Non-toxic,No,Least Concern,"Forests, agricultural fields, human settlements, scrublands",70,150,data/raw_images/Non-Venomous/CommonTrinket/CommonTrinket_75.jpeg,False
Coelognathus helena,CommonTrinket,Colubridae,"South Asia (India, Sri Lanka, Pakistan, Bangladesh, Nepal)",Non-venomous,Non-toxic,No,Least Concern,"Forests, agricultural fields, human settlements, scrublands",70,150,data/raw_images/Non-Venomous/CommonTrinket/0000451_123.jpg,False
Coelognathus helena,CommonTrinket,Colubridae,"South Asia (India, Sri Lanka, Pakistan, Bangladesh, Nepal)",Non-venomous,Non-toxic,No,Least Concern,"Forests, agricultural fields, human settlements, scrublands",70,150,data/raw_images/Non-Venomous/CommonTrinket/0000061_123.jpg,False
Coelognathus helena,CommonTrinket,Colubridae,"South Asia (India, Sri Lanka, Pakistan, Bangladesh, Nepal)",Non-venomous,Non-toxic,No,Least Concern,"Forests, agricultural fields, human settlements, scrublands",70,150,data/raw_images/Non-Venomous/CommonTrinket/CommonTrinket_43.jpeg,False
Coelognathus helena,CommonTrinket,Colubridae,"South Asia (India, Sri Lanka, Pakistan, Bangladesh, Nepal)",Non-venomous,Non-toxic,No,Least Concern,"Forests, agricultural fields, human settlements, scrublands",70,150,data/raw_images/Non-Venomous/CommonTrinket/0000071_123.jpg,False
Coelognathus helena,CommonTrinket,Colubridae,"South Asia (India, Sri Lanka, Pakistan, Bangladesh, Nepal)",Non-venomous,Non-toxic,No,Least Concern,"Forests, agricultural fields, human settlements, scrublands",70,150,data/raw_images/Non-Venomous/CommonTrinket/0000351_123.jpg,False
Coelognathus helena,CommonTrinket,Colubridae,"South Asia (India, Sri Lanka, Pakistan, Bangladesh, Nepal)",Non-venomous,Non-toxic,No,Least Concern,"Forests, agricultural fields, human settlements, scrublands",70,150,data/raw_images/Non-Venomous/CommonTrinket/CommonTrinket_22.jpg,False
Coelognathus helena,CommonTrinket,Colubridae,"South Asia (India, Sri Lanka, Pakistan, Bangladesh, Nepal)",Non-venomous,Non-toxic,No,Least Concern,"Forests, agricultural fields, human settlements, scrublands",70,150,data/raw_images/Non-Venomous/CommonTrinket/000007.jpg,False
Coelognathus helena,CommonTrinket,Colubridae,"South Asia (India, Sri Lanka, Pakistan, Bangladesh, Nepal)",Non-venomous,Non-toxic,No,Least Concern,"Forests, agricultural fields, human settlements, scrublands",70,150,data/raw_images/Non-Venomous/CommonTrinket/000012.jpg,False
Coelognathus helena,CommonTrinket,Colubridae,"South Asia (India, Sri Lanka, Pakistan, Bangladesh, Nepal)",Non-venomous,Non-toxic,No,Least Concern,"Forests, agricultural fields, human settlements, scrublands",70,150,data/raw_images/Non-Venomous/CommonTrinket/000006.jpg,False
Coelognathus helena,CommonTrinket,Colubridae,"South Asia (India, Sri Lanka, Pakistan, Bangladesh, Nepal)",Non-venomous,Non-toxic,No,Least Concern,"Forests, agricultural fields, human settlements, scrublands",70,150,data/raw_images/Non-Venomous/CommonTrinket/CommonTrinket_23.jpg,False
Coelognathus helena,CommonTrinket,Colubridae,"South Asia (India, Sri Lanka, Pakistan, Bangladesh, Nepal)",Non-venomous,Non-toxic,No,Least Concern,"Forests, agricultural fields, human settlements, scrublands",70,150,data/raw_images/Non-Venomous/CommonTrinket/0000421_123.jpg,False
Coelognathus helena,CommonTrinket,Colubridae,"South Asia (India, Sri Lanka, Pakistan, Bangladesh, Nepal)",Non-venomous,Non-toxic,No,Least Concern,"Forests, agricultural fields, human settlements, scrublands",70,150,data/raw_images/Non-Venomous/CommonTrinket/CommonTrinket_35.jpg,False
Coelognathus helena,CommonTrinket,Colubridae,"South Asia (India, Sri Lanka, Pakistan, Bangladesh, Nepal)",Non-venomous,Non-toxic,No,Least Concern,"Forests, agricultural fields, human settlements, scrublands",70,150,data/raw_images/Non-Venomous/CommonTrinket/000038.jpg,False
Coelognathus helena,CommonTrinket,Colubridae,"South Asia (India, Sri Lanka, Pakistan, Bangladesh, Nepal)",Non-venomous,Non-toxic,No,Least Concern,"Forests, agricultural fields, human settlements, scrublands",70,150,data/raw_images/Non-Venomous/CommonTrinket/000010.jpg,False
Coelognathus helena,CommonTrinket,Colubridae,"South Asia (India, Sri Lanka, Pakistan, Bangladesh, Nepal)",Non-venomous,Non-toxic,No,Least Concern,"Forests, agricultural fields, human settlements, scrublands",70,150,data/raw_images/Non-Venomous/CommonTrinket/000004.jpg,False
Coelognathus helena,CommonTrinket,Colubridae,"South Asia (India, Sri Lanka, Pakistan, Bangladesh, Nepal)",Non-venomous,Non-toxic,No,Least Concern,"Forests, agricultural fields, human settlements, scrublands",70,150,data/raw_images/Non-Venomous/CommonTrinket/000005.jpg,False
Coelognathus helena,CommonTrinket,Colubridae,"South Asia (India, Sri Lanka, Pakistan, Bangladesh, Nepal)",Non-venomous,Non-toxic,No,Least Concern,"Forests, agricultural fields, human settlements, scrublands",70,150,data/raw_images/Non-Venomous/CommonTrinket/0000481_123.jpg,False
Coelognathus helena,CommonTrinket,Colubridae,"South Asia (India, Sri Lanka, Pakistan, Bangladesh, Nepal)",Non-venomous,Non-toxic,No,Least Concern,"Forests, agricultural fields, human settlements, scrublands",70,150,data/raw_images/Non-Venomous/CommonTrinket/000011.jpg,False
Coelognathus helena,CommonTrinket,Colubridae,"South Asia (India, Sri Lanka, Pakistan, Bangladesh, Nepal)",Non-venomous,Non-toxic,No,Least Concern,"Forests, agricultural fields, human settlements, scrublands",70,150,data/raw_images/Non-Venomous/CommonTrinket/0000011_123.jpg,False
Coelognathus helena,CommonTrinket,Colubridae,"South Asia (India, Sri Lanka, Pakistan, Bangladesh, Nepal)",Non-venomous,Non-toxic,No,Least Concern,"Forests, agricultural fields, human settlements, scrublands",70,150,data/raw_images/Non-Venomous/CommonTrinket/CommonTrinket_20.jpg,False
Coelognathus helena,CommonTrinket,Colubridae,"South Asia (India, Sri Lanka, Pakistan, Bangladesh, Nepal)",Non-venomous,Non-toxic,No,Least Concern,"Forests, agricultural fields, human settlements, scrublands",70,150,data/raw_images/Non-Venomous/CommonTrinket/CommonTrinket_34.jpg,False
Coelognathus helena,CommonTrinket,Colubridae,"South Asia (India, Sri Lanka, Pakistan, Bangladesh, Nepal)",Non-venomous,Non-toxic,No,Least Concern,"Forests, agricultural fields, human settlements, scrublands",70,150,data/raw_images/Non-Venomous/CommonTrinket/CommonTrinket_30.jpg,False
Coelognathus helena,CommonTrinket,Colubridae,"South Asia (India, Sri Lanka, Pakistan, Bangladesh, Nepal)",Non-venomous,Non-toxic,No,Least Concern,"Forests, agricultural fields, human settlements, scrublands",70,150,data/raw_images/Non-Venomous/CommonTrinket/CommonTrinket_24.jpg,False
Coelognathus helena,CommonTrinket,Colubridae,"South Asia (India, Sri Lanka, Pakistan, Bangladesh, Nepal)",Non-venomous,Non-toxic,No,Least Concern,"Forests, agricultural fields, human settlements, scrublands",70,150,data/raw_images/Non-Venomous/CommonTrinket/CommonTrinket_18.JPG,False
Coelognathus helena,CommonTrinket,Colubridae,"South Asia (India, Sri Lanka, Pakistan, Bangladesh, Nepal)",Non-venomous,Non-toxic,No,Least Concern,"Forests, agricultural fields, human settlements, scrublands",70,150,data/raw_images/Non-Venomous/CommonTrinket/0000221_123.jpg,False
Coelognathus helena,CommonTrinket,Colubridae,"South Asia (India, Sri Lanka, Pakistan, Bangladesh, Nepal)",Non-venomous,Non-toxic,No,Least Concern,"Forests, agricultural fields, human settlements, scrublands",70,150,data/raw_images/Non-Venomous/CommonTrinket/0000231_123.jpg,False
Coelognathus helena,CommonTrinket,Colubridae,"South Asia (India, Sri Lanka, Pakistan, Bangladesh, Nepal)",Non-venomous,Non-toxic,No,Least Concern,"Forests, agricultural fields, human settlements, scrublands",70,150,data/raw_images/Non-Venomous/CommonTrinket/000015.jpg,False
Coelognathus helena,CommonTrinket,Colubridae,"South Asia (India, Sri Lanka, Pakistan, Bangladesh, Nepal)",Non-venomous,Non-toxic,No,Least Concern,"Forests, agricultural fields, human settlements, scrublands",70,150,data/raw_images/Non-Venomous/CommonTrinket/000001.jpg,False
Coelognathus helena,CommonTrinket,Colubridae,"South Asia (India, Sri Lanka, Pakistan, Bangladesh, Nepal)",Non-venomous,Non-toxic,No,Least Concern,"Forests, agricultural fields, human settlements, scrublands",70,150,data/raw_images/Non-Venomous/CommonTrinket/000029.jpg,False
Coelognathus helena,CommonTrinket,Colubridae,"South Asia (India, Sri Lanka, Pakistan, Bangladesh, Nepal)",Non-venomous,Non-toxic,No,Least Concern,"Forests, agricultural fields, human settlements, scrublands",70,150,data/raw_images/Non-Venomous/CommonTrinket/000028.jpg,False
Coelognathus helena,CommonTrinket,Colubridae,"South Asia (India, Sri Lanka, Pakistan, Bangladesh, Nepal)",Non-venomous,Non-toxic,No,Least Concern,"Forests, agricultural fields, human settlements, scrublands",70,150,data/raw_images/Non-Venomous/CommonTrinket/000014.jpg,False
Coelognathus helena,CommonTrinket,Colubridae,"South Asia (India, Sri Lanka, Pakistan, Bangladesh, Nepal)",Non-venomous,Non-toxic,No,Least Concern,"Forests, agricultural fields, human settlements, scrublands",70,150,data/raw_images/Non-Venomous/CommonTrinket/CommonTrinket_19.jpg,False
Coelognathus helena,CommonTrinket,Colubridae,"South Asia (India, Sri Lanka, Pakistan, Bangladesh, Nepal)",Non-venomous,Non-toxic,No,Least Concern,"Forests, agricultural fields, human settlements, scrublands",70,150,data/raw_images/Non-Venomous/CommonTrinket/CommonTrinket_31.jpg,False
Coelognathus helena,CommonTrinket,Colubridae,"South Asia (India, Sri Lanka, Pakistan, Bangladesh, Nepal)",Non-venomous,Non-toxic,No,Least Concern,"Forests, agricultural fields, human settlements, scrublands",70,150,data/raw_images/Non-Venomous/CommonTrinket/CommonTrinket_27.jpg,False
Coelognathus helena,CommonTrinket,Colubridae,"South Asia (India, Sri Lanka, Pakistan, Bangladesh, Nepal)",Non-venomous,Non-toxic,No,Least Concern,"Forests, agricultural fields, human settlements, scrublands",70,150,data/raw_images/Non-Venomous/CommonTrinket/CommonTrinket_33.jpg,False
Coelognathus helena,CommonTrinket,Colubridae,"South Asia (India, Sri Lanka, Pakistan, Bangladesh, Nepal)",Non-venomous,Non-toxic,No,Least Concern,"Forests, agricultural fields, human settlements, scrublands",70,150,data/raw_images/Non-Venomous/CommonTrinket/0000291_123.jpg,False
Coelognathus helena,CommonTrinket,Colubridae,"South Asia (India, Sri Lanka, Pakistan, Bangladesh, Nepal)",Non-venomous,Non-toxic,No,Least Concern,"Forests, agricultural fields, human settlements, scrublands",70,150,data/raw_images/Non-Venomous/CommonTrinket/CommonTrinket_73.jpeg,False
Coelognathus helena,CommonTrinket,Colubridae,"South Asia (India, Sri Lanka, Pakistan, Bangladesh, Nepal)",Non-venomous,Non-toxic,No,Least Concern,"Forests, agricultural fields, human settlements, scrublands",70,150,data/raw_images/Non-Venomous/CommonTrinket/000002.jpg,False
Coelognathus helena,CommonTrinket,Colubridae,"South Asia (India, Sri Lanka, Pakistan, Bangladesh, Nepal)",Non-venomous,Non-toxic,No,Least Concern,"Forests, agricultural fields, human settlements, scrublands",70,150,data/raw_images/Non-Venomous/CommonTrinket/000016.jpg,False
Coelognathus helena,CommonTrinket,Colubridae,"South Asia (India, Sri Lanka, Pakistan, Bangladesh, Nepal)",Non-venomous,Non-toxic,No,Least Concern,"Forests, agricultural fields, human settlements, scrublands",70,150,data/raw_images/Non-Venomous/CommonTrinket/000017.jpg,False
Coelognathus helena,CommonTrinket,Colubridae,"South Asia (India, Sri Lanka, Pakistan, Bangladesh, Nepal)",Non-venomous,Non-toxic,No,Least Concern,"Forests, agricultural fields, human settlements, scrublands",70,150,data/raw_images/Non-Venomous/CommonTrinket/000003.jpg,False
Coelognathus helena,CommonTrinket,Colubridae,"South Asia (India, Sri Lanka, Pakistan, Bangladesh, Nepal)",Non-venomous,Non-toxic,No,Least Concern,"Forests, agricultural fields, human settlements, scrublands",70,150,data/raw_images/Non-Venomous/CommonTrinket/0000161_123.jpg,False
Coelognathus helena,CommonTrinket,Colubridae,"South Asia (India, Sri Lanka, Pakistan, Bangladesh, Nepal)",Non-venomous,Non-toxic,No,Least Concern,"Forests, agricultural fields, human settlements, scrublands",70,150,data/raw_images/Non-Venomous/CommonTrinket/0000171_123.jpg,False
Coelognathus helena,CommonTrinket,Colubridae,"South Asia (India, Sri Lanka, Pakistan, Bangladesh, Nepal)",Non-venomous,Non-toxic,No,Least Concern,"Forests, agricultural fields, human settlements, scrublands",70,150,data/raw_images/Non-Venomous/CommonTrinket/CommonTrinket_26.jpg,False
Eryx conicus,CommonSand Boa,Boidae,Throughout India,Non-venomous,Non-toxic,No,Least Concern,"Arid regions, scrublands",60,80,data/raw_images/Non-Venomous/CommonSand Boa/images (2).jpeg,False
Eryx conicus,CommonSand Boa,Boidae,Throughout India,Non-venomous,Non-toxic,No,Least Concern,"Arid regions, scrublands",60,80,data/raw_images/Non-Venomous/CommonSand Boa/sandboa4-500.jpg,False
Eryx conicus,CommonSand Boa,Boidae,Throughout India,Non-venomous,Non-toxic,No,Least Concern,"Arid regions, scrublands",60,80,data/raw_images/Non-Venomous/CommonSand Boa/CommonSand_42.jpg,False
Eryx conicus,CommonSand Boa,Boidae,Throughout India,Non-venomous,Non-toxic,No,Least Concern,"Arid regions, scrublands",60,80,data/raw_images/Non-Venomous/CommonSand Boa/CommonSand_76.jpeg,False
Eryx conicus,CommonSand Boa,Boidae,Throughout India,Non-venomous,Non-toxic,No,Least Concern,"Arid regions, scrublands",60,80,data/raw_images/Non-Venomous/CommonSand Boa/567.jpg,False
Eryx conicus,CommonSand Boa,Boidae,Throughout India,Non-venomous,Non-toxic,No,Least Concern,"Arid regions, scrublands",60,80,data/raw_images/Non-Venomous/CommonSand Boa/CommonSand_43.jpg,False
Eryx conicus,CommonSand Boa,Boidae,Throughout India,Non-venomous,Non-toxic,No,Least Concern,"Arid regions, scrublands",60,80,data/raw_images/Non-Venomous/CommonSand Boa/CommonSand_57.jpg,False
Eryx conicus,CommonSand Boa,Boidae,Throughout India,Non-venomous,Non-toxic,No,Least Concern,"Arid regions, scrublands",60,80,data/raw_images/Non-Venomous/CommonSand Boa/5673482.jpg,False
Eryx conicus,CommonSand Boa,Boidae,Throughout India,Non-venomous,Non-toxic,No,Least Concern,"Arid regions, scrublands",60,80,data/raw_images/Non-Venomous/CommonSand Boa/CommonSand_68.jpg,False
Eryx conicus,CommonSand Boa,Boidae,Throughout India,Non-venomous,Non-toxic,No,Least Concern,"Arid regions, scrublands",60,80,data/raw_images/Non-Venomous/CommonSand Boa/CommonSand_54.jpg,False
Eryx conicus,CommonSand Boa,Boidae,Throughout India,Non-venomous,Non-toxic,No,Least Concern,"Arid regions, scrublands",60,80,data/raw_images/Non-Venomous/CommonSand Boa/CommonSand_40.jpg,False
Eryx conicus,CommonSand Boa,Boidae,Throughout India,Non-venomous,Non-toxic,No,Least Concern,"Arid regions, scrublands",60,80,data/raw_images/Non-Venomous/CommonSand Boa/images.jpeg,False
Eryx conicus,CommonSand Boa,Boidae,Throughout India,Non-venomous,Non-toxic,No,Least Concern,"Arid regions, scrublands",60,80,data/raw_images/Non-Venomous/CommonSand Boa/1234.jpg,False
Eryx conicus,CommonSand Boa,Boidae,Throughout India,Non-venomous,Non-toxic,No,Least Concern,"Arid regions, scrublands",60,80,data/raw_images/Non-Venomous/CommonSand Boa/CommonSand_53.jpg,False
Eryx conicus,CommonSand Boa,Boidae,Throughout India,Non-venomous,Non-toxic,No,Least Concern,"Arid regions, scrublands",60,80,data/raw_images/Non-Venomous/CommonSand Boa/CommonSand_77.jpeg,False
Eryx conicus,CommonSand Boa,Boidae,Throughout India,Non-venomous,Non-toxic,No,Least Concern,"Arid regions, scrublands",60,80,data/raw_images/Non-Venomous/CommonSand Boa/CommonSand_52.jpg,False
Eryx conicus,CommonSand Boa,Boidae,Throughout India,Non-venomous,Non-toxic,No,Least Concern,"Arid regions, scrublands",60,80,data/raw_images/Non-Venomous/CommonSand Boa/CommonSand_1.jpg,False
Eryx conicus,CommonSand Boa,Boidae,Throughout India,Non-venomous,Non-toxic,No,Least Concern,"Arid regions, scrublands",60,80,data/raw_images/Non-Venomous/CommonSand Boa/CommonSand_35.jpg,False
Eryx conicus,CommonSand Boa,Boidae,Throughout India,Non-venomous,Non-toxic,No,Least Concern,"Arid regions, scrublands",60,80,data/raw_images/Non-Venomous/CommonSand Boa/arabian-sand-boa.jpg,False
Eryx conicus,CommonSand Boa,Boidae,Throughout India,Non-venomous,Non-toxic,No,Least Concern,"Arid regions, scrublands",60,80,data/raw_images/Non-Venomous/CommonSand Boa/CommonSand_21.jpg,False
Eryx conicus,CommonSand Boa,Boidae,Throughout India,Non-venomous,Non-toxic,No,Least Concern,"Arid regions, scrublands",60,80,data/raw_images/Non-Venomous/CommonSand Boa/images (1).jpeg,False
Eryx conicus,CommonSand Boa,Boidae,Throughout India,Non-venomous,Non-toxic,No,Least Concern,"Arid regions, scrublands",60,80,data/raw_images/Non-Venomous/CommonSand Boa/CommonSand_20.jpg,False
Eryx conicus,CommonSand Boa,Boidae,Throughout India,Non-venomous,Non-toxic,No,Least Concern,"Arid regions, scrublands",60,80,data/raw_images/Non-Venomous/CommonSand Boa/red-sand-boa-blog.jpg,False
Eryx conicus,CommonSand Boa,Boidae,Throughout India,Non-venomous,Non-toxic,No,Least Concern,"Arid regions, scrublands",60,80,data/raw_images/Non-Venomous/CommonSand Boa/CommonSand_22.jpg,False
Eryx conicus,CommonSand Boa,Boidae,Throughout India,Non-venomous,Non-toxic,No,Least Concern,"Arid regions, scrublands",60,80,data/raw_images/Non-Venomous/CommonSand Boa/CommonSand_36.jpg,False
Eryx conicus,CommonSand Boa,Boidae,Throughout India,Non-venomous,Non-toxic,No,Least Concern,"Arid regions, scrublands",60,80,data/raw_images/Non-Venomous/CommonSand Boa/large.jpeg,False
Eryx conicus,CommonSand Boa,Boidae,Throughout India,Non-venomous,Non-toxic,No,Least Concern,"Arid regions, scrublands",60,80,data/raw_images/Non-Venomous/CommonSand Boa/original.jpg,False
Eryx conicus,CommonSand Boa,Boidae,Throughout India,Non-venomous,Non-toxic,No,Least Concern,"Arid regions, scrublands",60,80,data/raw_images/Non-Venomous/CommonSand Boa/dc-Cover-an5j9q.jpeg,False
Eryx conicus,CommonSand Boa,Boidae,Throughout India,Non-venomous,Non-toxic,No,Least Concern,"Arid regions, scrublands",60,80,data/raw_images/Non-Venomous/CommonSand Boa/CommonSand_37.jpg,False
Eryx conicus,CommonSand Boa,Boidae,Throughout India,Non-venomous,Non-toxic,No,Least Concern,"Arid regions, scrublands",60,80,data/raw_images/Non-Venomous/CommonSand Boa/CommonSand_23.jpg,False
Eryx conicus,CommonSand Boa,Boidae,Throughout India,Non-venomous,Non-toxic,No,Least Concern,"Arid regions, scrublands",60,80,data/raw_images/Non-Venomous/CommonSand Boa/CommonSand_33.jpg,False
Eryx conicus,CommonSand Boa,Boidae,Throughout India,Non-venomous,Non-toxic,No,Least Concern,"Arid regions, scrublands",60,80,data/raw_images/Non-Venomous/CommonSand Boa/CommonSand_32.jpg,False
Eryx conicus,CommonSand Boa,Boidae,Throughout India,Non-venomous,Non-toxic,No,Least Concern,"Arid regions, scrublands",60,80,data/raw_images/Non-Venomous/CommonSand Boa/CommonSand_26.jpg,False
Eryx conicus,CommonSand Boa,Boidae,Throughout India,Non-venomous,Non-toxic,No,Least Concern,"Arid regions, scrublands",60,80,data/raw_images/Non-Venomous/CommonSand Boa/334565.jpg,False
Eryx conicus,CommonSand Boa,Boidae,Throughout India,Non-venomous,Non-toxic,No,Least Concern,"Arid regions, scrublands",60,80,data/raw_images/Non-Venomous/CommonSand Boa/u39481345.jpg,False
Eryx conicus,CommonSand Boa,Boidae,Throughout India,Non-venomous,Non-toxic,No,Least Concern,"Arid regions, scrublands",60,80,data/raw_images/Non-Venomous/CommonSand Boa/CommonSand_18.jpg,False
Eryx conicus,CommonSand Boa,Boidae,Throughout India,Non-venomous,Non-toxic,No,Least Concern,"Arid regions, scrublands",60,80,data/raw_images/Non-Venomous/CommonSand Boa/CommonSand_30.jpg,False
Eryx conicus,CommonSand Boa,Boidae,Throughout India,Non-venomous,Non-toxic,No,Least Concern,"Arid regions, scrublands",60,80,data/raw_images/Non-Venomous/CommonSand Boa/CommonSand_24.jpg,False
Eryx conicus,CommonSand Boa,Boidae,Throughout India,Non-venomous,Non-toxic,No,Least Concern,"Arid regions, scrublands",60,80,data/raw_images/Non-Venomous/CommonSand Boa/CommonSand_25.jpg,False
Eryx conicus,CommonSand Boa,Boidae,Throughout India,Non-venomous,Non-toxic,No,Least Concern,"Arid regions, scrublands",60,80,data/raw_images/Non-Venomous/CommonSand Boa/CommonSand_31.jpg,False
Eryx conicus,CommonSand Boa,Boidae,Throughout India,Non-venomous,Non-toxic,No,Least Concern,"Arid regions, scrublands",60,80,data/raw_images/Non-Venomous/CommonSand Boa/CommonSand_19.jpg,False
Eryx conicus,CommonSand Boa,Boidae,Throughout India,Non-venomous,Non-toxic,No,Least Concern,"Arid regions, scrublands",60,80,data/raw_images/Non-Venomous/CommonSand Boa/CommonSand_28.jpg,False
Eryx conicus,CommonSand Boa,Boidae,Throughout India,Non-venomous,Non-toxic,No,Least Concern,"Arid regions, scrublands",60,80,data/raw_images/Non-Venomous/CommonSand Boa/ANI065-00327.jpg,False
Eryx conicus,CommonSand Boa,Boidae,Throughout India,Non-venomous,Non-toxic,No,Least Concern,"Arid regions, scrublands",60,80,data/raw_images/Non-Venomous/CommonSand Boa/CommonSand_29.jpg,False
Eryx conicus,CommonSand Boa,Boidae,Throughout India,Non-venomous,Non-toxic,No,Least Concern,"Arid regions, scrublands",60,80,data/raw_images/Non-Venomous/CommonSand Boa/8765.jpeg,False
Eryx conicus,CommonSand Boa,Boidae,Throughout India,Non-venomous,Non-toxic,No,Least Concern,"Arid regions, scrublands",60,80,data/raw_images/Non-Venomous/CommonSand Boa/CommonSand_17.jpg,False
Eryx conicus,CommonSand Boa,Boidae,Throughout India,Non-venomous,Non-toxic,No,Least Concern,"Arid regions, scrublands",60,80,data/raw_images/Non-Venomous/CommonSand Boa/CommonSand_16.jpg,False
Eryx conicus,CommonSand Boa,Boidae,Throughout India,Non-venomous,Non-toxic,No,Least Concern,"Arid regions, scrublands",60,80,data/raw_images/Non-Venomous/CommonSand Boa/9398.png,False
Eryx conicus,CommonSand Boa,Boidae,Throughout India,Non-venomous,Non-toxic,No,Least Concern,"Arid regions, scrublands",60,80,data/raw_images/Non-Venomous/CommonSand Boa/CommonSand_73.jpeg,False
Eryx conicus,CommonSand Boa,Boidae,Throughout India,Non-venomous,Non-toxic,No,Least Concern,"Arid regions, scrublands",60,80,data/raw_images/Non-Venomous/CommonSand Boa/12349.jpg,False
Eryx conicus,CommonSand Boa,Boidae,Throughout India,Non-venomous,Non-toxic,No,Least Concern,"Arid regions, scrublands",60,80,data/raw_images/Non-Venomous/CommonSand Boa/9876.jpeg,False
Eryx conicus,CommonSand Boa,Boidae,Throughout India,Non-venomous,Non-toxic,No,Least Concern,"Arid regions, scrublands",60,80,data/raw_images/Non-Venomous/CommonSand Boa/Rough-scaled-Sand-Boa.jpg,False
Eryx conicus,CommonSand Boa,Boidae,Throughout India,Non-venomous,Non-toxic,No,Least Concern,"Arid regions, scrublands",60,80,data/raw_images/Non-Venomous/CommonSand Boa/CommonSand_39.jpg,False
Eryx conicus,CommonSand Boa,Boidae,Throughout India,Non-venomous,Non-toxic,No,Least Concern,"Arid regions, scrublands",60,80,data/raw_images/Non-Venomous/CommonSand Boa/CommonSand_10.jpg,False
Eryx conicus,CommonSand Boa,Boidae,Throughout India,Non-venomous,Non-toxic,No,Least Concern,"Arid regions, scrublands",60,80,data/raw_images/Non-Venomous/CommonSand Boa/CommonSand_38.jpg,False
Eryx conicus,CommonSand Boa,Boidae,Throughout India,Non-venomous,Non-toxic,No,Least Concern,"Arid regions, scrublands",60,80,data/raw_images/Non-Venomous/CommonSand Boa/CommonSand_74.jpeg,False
Eryx conicus,CommonSand Boa,Boidae,Throughout India,Non-venomous,Non-toxic,No,Least Concern,"Arid regions, scrublands",60,80,data/raw_images/Non-Venomous/CommonSand Boa/CommonSand_62.jpg,False
Eryx conicus,CommonSand Boa,Boidae,Throughout India,Non-venomous,Non-toxic,No,Least Concern,"Arid regions, scrublands",60,80,data/raw_images/Non-Venomous/CommonSand Boa/CommonSand_48.jpg,False
Eryx conicus,CommonSand Boa,Boidae,Throughout India,Non-venomous,Non-toxic,No,Least Concern,"Arid regions, scrublands",60,80,data/raw_images/Non-Venomous/CommonSand Boa/CommonSand_49.jpg,False
Eryx conicus,CommonSand Boa,Boidae,Throughout India,Non-venomous,Non-toxic,No,Least Concern,"Arid regions, scrublands",60,80,data/raw_images/Non-Venomous/CommonSand Boa/CommonSand_61.jpg,False
Eryx conicus,CommonSand Boa,Boidae,Throughout India,Non-venomous,Non-toxic,No,Least Concern,"Arid regions, scrublands",60,80,data/raw_images/Non-Venomous/CommonSand Boa/CommonSand_65.jpg,False
Eryx conicus,CommonSand Boa,Boidae,Throughout India,Non-venomous,Non-toxic,No,Least Concern,"Arid regions, scrublands",60,80,data/raw_images/Non-Venomous/CommonSand Boa/CommonSand_71.png,False
Eryx conicus,CommonSand Boa,Boidae,Throughout India,Non-venomous,Non-toxic,No,Least Concern,"Arid regions, scrublands",60,80,data/raw_images/Non-Venomous/CommonSand Boa/CommonSand_64.jpg,False
Eryx conicus,CommonSand Boa,Boidae,Throughout India,Non-venomous,Non-toxic,No,Least Concern,"Arid regions, scrublands",60,80,data/raw_images/Non-Venomous/CommonSand Boa/CommonSand_58.jpg,False
Eryx conicus,CommonSand Boa,Boidae,Throughout India,Non-venomous,Non-toxic,No,Least Concern,"Arid regions, scrublands",60,80,data/raw_images/Non-Venomous/CommonSand Boa/stock_2564.jpg,False
Eryx conicus,CommonSand Boa,Boidae,Throughout India,Non-venomous,Non-toxic,No,Least Concern,"Arid regions, scrublands",60,80,data/raw_images/Non-Venomous/CommonSand Boa/0000145.jpg,False
Eryx conicus,CommonSand Boa,Boidae,Throughout India,Non-venomous,Non-toxic,No,Least Concern,"Arid regions, scrublands",60,80,data/raw_images/Non-Venomous/CommonSand Boa/CommonSand_66.jpg,False
Eryx conicus,CommonSand Boa,Boidae,Throughout India,Non-venomous,Non-toxic,No,Least Concern,"Arid regions, scrublands",60,80,data/raw_images/Non-Venomous/CommonSand Boa/Eryx conicus.jpg,False
Eryx conicus,CommonSand Boa,Boidae,Throughout India,Non-venomous,Non-toxic,No,Least Concern,"Arid regions, scrublands",60,80,data/raw_images/Non-Venomous/CommonSand Boa/CommonSand_72.png,False
Eryx conicus,CommonSand Boa,Boidae,Throughout India,Non-venomous,Non-toxic,No,Least Concern,"Arid regions, scrublands",60,80,data/raw_images/Non-Venomous/CommonSand Boa/CommonSand_67.jpg,False
Argyrogena fasciolata,Banded Racer,Colubridae,"India, Pakistan, Bangladesh, Nepal",Non-venomous,Non-toxic,No,Least Concern,"Grasslands, scrublands",90,150,data/raw_images/Non-Venomous/Banded Racer/banded_racer78981_123.jpg,False
Argyrogena fasciolata,Banded Racer,Colubridae,"India, Pakistan, Bangladesh, Nepal",Non-venomous,Non-toxic,No,Least Concern,"Grasslands, scrublands",90,150,data/raw_images/Non-Venomous/Banded Racer/5053608178_bf70486e15_h78981_123.jpg,False
Argyrogena fasciolata,Banded Racer,Colubridae,"India, Pakistan, Bangladesh, Nepal",Non-venomous,Non-toxic,No,Least Concern,"Grasslands, scrublands",90,150,data/raw_images/Non-Venomous/Banded Racer/Banded_878981_123.JPG,False
Argyrogena fasciolata,Banded Racer,Colubridae,"India, Pakistan, Bangladesh, Nepal",Non-venomous,Non-toxic,No,Least Concern,"Grasslands, scrublands",90,150,data/raw_images/Non-Venomous/Banded Racer/Banded_3878981_123.jpg,False
Argyrogena fasciolata,Banded Racer,Colubridae,"India, Pakistan, Bangladesh, Nepal",Non-venomous,Non-toxic,No,Least Concern,"Grasslands, scrublands",90,150,data/raw_images/Non-Venomous/Banded Racer/Screenshot_20200805-180308_378981_123.png,False
Argyrogena fasciolata,Banded Racer,Colubridae,"India, Pakistan, Bangladesh, Nepal",Non-venomous,Non-toxic,No,Least Concern,"Grasslands, scrublands",90,150,data/raw_images/Non-Venomous/Banded Racer/sddefault78981_123.jpg,False
Argyrogena fasciolata,Banded Racer,Colubridae,"India, Pakistan, Bangladesh, Nepal",Non-venomous,Non-toxic,No,Least Concern,"Grasslands, scrublands",90,150,data/raw_images/Non-Venomous/Banded Racer/large (1).jpg,False
Argyrogena fasciolata,Banded Racer,Colubridae,"India, Pakistan, Bangladesh, Nepal",Non-venomous,Non-toxic,No,Least Concern,"Grasslands, scrublands",90,150,data/raw_images/Non-Venomous/Banded Racer/Banded_5378981_123.jpeg,False
Argyrogena fasciolata,Banded Racer,Colubridae,"India, Pakistan, Bangladesh, Nepal",Non-venomous,Non-toxic,No,Least Concern,"Grasslands, scrublands",90,150,data/raw_images/Non-Venomous/Banded Racer/banded_racer (1)78981_123.jpg,False
Argyrogena fasciolata,Banded Racer,Colubridae,"India, Pakistan, Bangladesh, Nepal",Non-venomous,Non-toxic,No,Least Concern,"Grasslands, scrublands",90,150,data/raw_images/Non-Venomous/Banded Racer/images78981_123.jpeg,False
Argyrogena fasciolata,Banded Racer,Colubridae,"India, Pakistan, Bangladesh, Nepal",Non-venomous,Non-toxic,No,Least Concern,"Grasslands, scrublands",90,150,data/raw_images/Non-Venomous/Banded Racer/Banded_5778981_123.jpeg,False
Argyrogena fasciolata,Banded Racer,Colubridae,"India, Pakistan, Bangladesh, Nepal",Non-venomous,Non-toxic,No,Least Concern,"Grasslands, scrublands",90,150,data/raw_images/Non-Venomous/Banded Racer/Banded_3478981_123.jpg,False
Argyrogena fasciolata,Banded Racer,Colubridae,"India, Pakistan, Bangladesh, Nepal",Non-venomous,Non-toxic,No,Least Concern,"Grasslands, scrublands",90,150,data/raw_images/Non-Venomous/Banded Racer/Banded_5978981_123.jpeg,False
Argyrogena fasciolata,Banded Racer,Colubridae,"India, Pakistan, Bangladesh, Nepal",Non-venomous,Non-toxic,No,Least Concern,"Grasslands, scrublands",90,150,data/raw_images/Non-Venomous/Banded Racer/Banded_6078981_123.jpeg,False
Argyrogena fasciolata,Banded Racer,Colubridae,"India, Pakistan, Bangladesh, Nepal",Non-venomous,Non-toxic,No,Least Concern,"Grasslands, scrublands",90,150,data/raw_images/Non-Venomous/Banded Racer/Banded_4278981_123.JPG,False
Argyrogena fasciolata,Banded Racer,Colubridae,"India, Pakistan, Bangladesh, Nepal",Non-venomous,Non-toxic,No,Least Concern,"Grasslands, scrublands",90,150,data/raw_images/Non-Venomous/Banded Racer/Banded_4578981_123.jpg,False
Argyrogena fasciolata,Banded Racer,Colubridae,"India, Pakistan, Bangladesh, Nepal",Non-venomous,Non-toxic,No,Least Concern,"Grasslands, scrublands",90,150,data/raw_images/Non-Venomous/Banded Racer/Banded_5078981_123.png,False
Argyrogena fasciolata,Banded Racer,Colubridae,"India, Pakistan, Bangladesh, Nepal",Non-venomous,Non-toxic,No,Least Concern,"Grasslands, scrublands",90,150,data/raw_images/Non-Venomous/Banded Racer/Banded_478981_123.jpg,False
Argyrogena fasciolata,Banded Racer,Colubridae,"India, Pakistan, Bangladesh, Nepal",Non-venomous,Non-toxic,No,Least Concern,"Grasslands, scrublands",90,150,data/raw_images/Non-Venomous/Banded Racer/Banded_2078981_123.jpg,False
Argyrogena fasciolata,Banded Racer,Colubridae,"India, Pakistan, Bangladesh, Nepal",Non-venomous,Non-toxic,No,Least Concern,"Grasslands, scrublands",90,150,data/raw_images/Non-Venomous/Banded Racer/Banded_2778981_123.JPG,False
Argyrogena fasciolata,Banded Racer,Colubridae,"India, Pakistan, Bangladesh, Nepal",Non-venomous,Non-toxic,No,Least Concern,"Grasslands, scrublands",90,150,data/raw_images/Non-Venomous/Banded Racer/Banded_3278981_123.JPG,False
Argyrogena fasciolata,Banded Racer,Colubridae,"India, Pakistan, Bangladesh, Nepal",Non-venomous,Non-toxic,No,Least Concern,"Grasslands, scrublands",90,150,data/raw_images/Non-Venomous/Banded Racer/1000_F_309331026_kSOuXFQkK910gAAYAA2qFXHWpZGv6dph78981_123.jpg,False
Argyrogena fasciolata,Banded Racer,Colubridae,"India, Pakistan, Bangladesh, Nepal",Non-venomous,Non-toxic,No,Least Concern,"Grasslands, scrublands",90,150,data/raw_images/Non-Venomous/Banded Racer/Banded_4478981_123.jpg,False
Argyrogena fasciolata,Banded Racer,Colubridae,"India, Pakistan, Bangladesh, Nepal",Non-venomous,Non-toxic,No,Least Concern,"Grasslands, scrublands",90,150,data/raw_images/Non-Venomous/Banded Racer/Banded_1178981_123.jpg,False
Argyrogena fasciolata,Banded Racer,Colubridae,"India, Pakistan, Bangladesh, Nepal",Non-venomous,Non-toxic,No,Least Concern,"Grasslands, scrublands",90,150,data/raw_images/Non-Venomous/Banded Racer/Banded_1678981_123.jpg,False
Argyrogena fasciolata,Banded Racer,Colubridae,"India, Pakistan, Bangladesh, Nepal",Non-venomous,Non-toxic,No,Least Concern,"Grasslands, scrublands",90,150,data/raw_images/Non-Venomous/Banded Racer/Banded_6378981_123.jpeg,False
Argyrogena fasciolata,Banded Racer,Colubridae,"India, Pakistan, Bangladesh, Nepal",Non-venomous,Non-toxic,No,Least Concern,"Grasslands, scrublands",90,150,data/raw_images/Non-Venomous/Banded Racer/images (2)78981_123.jpeg,False
Argyrogena fasciolata,Banded Racer,Colubridae,"India, Pakistan, Bangladesh, Nepal",Non-venomous,Non-toxic,No,Least Concern,"Grasslands, scrublands",90,150,data/raw_images/Non-Venomous/Banded Racer/Banded_2578981_123.jpg,False
Argyrogena fasciolata,Banded Racer,Colubridae,"India, Pakistan, Bangladesh, Nepal",Non-venomous,Non-toxic,No,Least Concern,"Grasslands, scrublands",90,150,data/raw_images/Non-Venomous/Banded Racer/wildclicks78981_123.jpg,False
Argyrogena fasciolata,Banded Racer,Colubridae,"India, Pakistan, Bangladesh, Nepal",Non-venomous,Non-toxic,No,Least Concern,"Grasslands, scrublands",90,150,data/raw_images/Non-Venomous/Banded Racer/Banded_3778981_123.jpg,False
Argyrogena fasciolata,Banded Racer,Colubridae,"India, Pakistan, Bangladesh, Nepal",Non-venomous,Non-toxic,No,Least Concern,"Grasslands, scrublands",90,150,data/raw_images/Non-Venomous/Banded Racer/Banded_6278981_123.jpeg,False
Argyrogena fasciolata,Banded Racer,Colubridae,"India, Pakistan, Bangladesh, Nepal",Non-venomous,Non-toxic,No,Least Concern,"Grasslands, scrublands",90,150,data/raw_images/Non-Venomous/Banded Racer/large78981_123.jpg,False
Argyrogena fasciolata,Banded Racer,Colubridae,"India, Pakistan, Bangladesh, Nepal",Non-venomous,Non-toxic,No,Least Concern,"Grasslands, scrublands",90,150,data/raw_images/Non-Venomous/Banded Racer/Banded_6678981_123.jpeg,False
Argyrogena fasciolata,Banded Racer,Colubridae,"India, Pakistan, Bangladesh, Nepal",Non-venomous,Non-toxic,No,Least Concern,"Grasslands, scrublands",90,150,data/raw_images/Non-Venomous/Banded Racer/Banded_3178981_123.jpg,False
Argyrogena fasciolata,Banded Racer,Colubridae,"India, Pakistan, Bangladesh, Nepal",Non-venomous,Non-toxic,No,Least Concern,"Grasslands, scrublands",90,150,data/raw_images/Non-Venomous/Banded Racer/Banded_5878981_123.jpeg,False
Argyrogena fasciolata,Banded Racer,Colubridae,"India, Pakistan, Bangladesh, Nepal",Non-venomous,Non-toxic,No,Least Concern,"Grasslands, scrublands",90,150,data/raw_images/Non-Venomous/Banded Racer/images (4)78981_123.jpeg,False
Argyrogena fasciolata,Banded Racer,Colubridae,"India, Pakistan, Bangladesh, Nepal",Non-venomous,Non-toxic,No,Least Concern,"Grasslands, scrublands",90,150,data/raw_images/Non-Venomous/Banded Racer/Banded_2478981_123.jpg,False
Argyrogena fasciolata,Banded Racer,Colubridae,"India, Pakistan, Bangladesh, Nepal",Non-venomous,Non-toxic,No,Least Concern,"Grasslands, scrublands",90,150,data/raw_images/Non-Venomous/Banded Racer/Banded_4078981_123.jpg,False
Argyrogena fasciolata,Banded Racer,Colubridae,"India, Pakistan, Bangladesh, Nepal",Non-venomous,Non-toxic,No,Least Concern,"Grasslands, scrublands",90,150,data/raw_images/Non-Venomous/Banded Racer/Banded_1578981_123.jpg,False
Argyrogena fasciolata,Banded Racer,Colubridae,"India, Pakistan, Bangladesh, Nepal",Non-venomous,Non-toxic,No,Least Concern,"Grasslands, scrublands",90,150,data/raw_images/Non-Venomous/Banded Racer/images (3)78981_123.jpeg,False
Argyrogena fasciolata,Banded Racer,Colubridae,"India, Pakistan, Bangladesh, Nepal",Non-venomous,Non-toxic,No,Least Concern,"Grasslands, scrublands",90,150,data/raw_images/Non-Venomous/Banded Racer/1631378991078981_123.jpeg,False
Argyrogena fasciolata,Banded Racer,Colubridae,"India, Pakistan, Bangladesh, Nepal",Non-venomous,Non-toxic,No,Least Concern,"Grasslands, scrublands",90,150,data/raw_images/Non-Venomous/Banded Racer/Banded_178981_123.jpg,False
Argyrogena fasciolata,Banded Racer,Colubridae,"India, Pakistan, Bangladesh, Nepal",Non-venomous,Non-toxic,No,Least Concern,"Grasslands, scrublands",90,150,data/raw_images/Non-Venomous/Banded Racer/images (1)78981_123.jpeg,False
Argyrogena fasciolata,Banded Racer,Colubridae,"India, Pakistan, Bangladesh, Nepal",Non-venomous,Non-toxic,No,Least Concern,"Grasslands, scrublands",90,150,data/raw_images/Non-Venomous/Banded Racer/Banded_1878981_123.jpg,False
Argyrogena fasciolata,Banded Racer,Colubridae,"India, Pakistan, Bangladesh, Nepal",Non-venomous,Non-toxic,No,Least Concern,"Grasslands, scrublands",90,150,data/raw_images/Non-Venomous/Banded Racer/24008783970_8bf1bb04c8_b78981_123.jpg,False
Argyrogena fasciolata,Banded Racer,Colubridae,"India, Pakistan, Bangladesh, Nepal",Non-venomous,Non-toxic,No,Least Concern,"Grasslands, scrublands",90,150,data/raw_images/Non-Venomous/Banded Racer/Banded_5678981_123.jpeg,False
Argyrogena fasciolata,Banded Racer,Colubridae,"India, Pakistan, Bangladesh, Nepal",Non-venomous,Non-toxic,No,Least Concern,"Grasslands, scrublands",90,150,data/raw_images/Non-Venomous/Banded Racer/Banded_5278981_123.jpeg,False
Argyrogena fasciolata,Banded Racer,Colubridae,"India, Pakistan, Bangladesh, Nepal",Non-venomous,Non-toxic,No,Least Concern,"Grasslands, scrublands",90,150,data/raw_images/Non-Venomous/Banded Racer/Banded_1978981_123.JPG,False
Argyrogena fasciolata,Banded Racer,Colubridae,"India, Pakistan, Bangladesh, Nepal",Non-venomous,Non-toxic,No,Least Concern,"Grasslands, scrublands",90,150,data/raw_images/Non-Venomous/Banded Racer/14746396841438848819IMG_1831 (1)78981_123.jpeg,False
Xenochrophis piscator,Checkered Keelback,Colubridae,Throughout India,Mildly venomous,Non-toxic,No,Least Concern,Freshwater habitats,75,175,data/raw_images/Non-Venomous/Checkered Keelback/Checkered_43.jpg,False
Xenochrophis piscator,Checkered Keelback,Colubridae,Throughout India,Mildly venomous,Non-toxic,No,Least Concern,Freshwater habitats,75,175,data/raw_images/Non-Venomous/Checkered Keelback/000032.jpg,False
Xenochrophis piscator,Checkered Keelback,Colubridae,Throughout India,Mildly venomous,Non-toxic,No,Least Concern,Freshwater habitats,75,175,data/raw_images/Non-Venomous/Checkered Keelback/000033.jpg,False
Xenochrophis piscator,Checkered Keelback,Colubridae,Throughout India,Mildly venomous,Non-toxic,No,Least Concern,Freshwater habitats,75,175,data/raw_images/Non-Venomous/Checkered Keelback/Checkered_42.JPG,False
Xenochrophis piscator,Checkered Keelback,Colubridae,Throughout India,Mildly venomous,Non-toxic,No,Least Concern,Freshwater habitats,75,175,data/raw_images/Non-Venomous/Checkered Keelback/Checkered_40.jpg,False
Xenochrophis piscator,Checkered Keelback,Colubridae,Throughout India,Mildly venomous,Non-toxic,No,Least Concern,Freshwater habitats,75,175,data/raw_images/Non-Venomous/Checkered Keelback/Checkered_68.JPG,False
Xenochrophis piscator,Checkered Keelback,Colubridae,Throughout India,Mildly venomous,Non-toxic,No,Least Concern,Freshwater habitats,75,175,data/raw_images/Non-Venomous/Checkered Keelback/000019.jpg,False
Xenochrophis piscator,Checkered Keelback,Colubridae,Throughout India,Mildly venomous,Non-toxic,No,Least Concern,Freshwater habitats,75,175,data/raw_images/Non-Venomous/Checkered Keelback/000031.jpg,False
Xenochrophis piscator,Checkered Keelback,Colubridae,Throughout India,Mildly venomous,Non-toxic,No,Least Concern,Freshwater habitats,75,175,data/raw_images/Non-Venomous/Checkered Keelback/000018.jpg,False
Xenochrophis piscator,Checkered Keelback,Colubridae,Throughout India,Mildly venomous,Non-toxic,No,Least Concern,Freshwater habitats,75,175,data/raw_images/Non-Venomous/Checkered Keelback/Checkered_69.JPG,False
Xenochrophis piscator,Checkered Keelback,Colubridae,Throughout India,Mildly venomous,Non-toxic,No,Least Concern,Freshwater habitats,75,175,data/raw_images/Non-Venomous/Checkered Keelback/Checkered_41.jpg,False
Xenochrophis piscator,Checkered Keelback,Colubridae,Throughout India,Mildly venomous,Non-toxic,No,Least Concern,Freshwater habitats,75,175,data/raw_images/Non-Venomous/Checkered Keelback/000034.jpg,False
Xenochrophis piscator,Checkered Keelback,Colubridae,Throughout India,Mildly venomous,Non-toxic,No,Least Concern,Freshwater habitats,75,175,data/raw_images/Non-Venomous/Checkered Keelback/000020.jpg,False
Xenochrophis piscator,Checkered Keelback,Colubridae,Throughout India,Mildly venomous,Non-toxic,No,Least Concern,Freshwater habitats,75,175,data/raw_images/Non-Venomous/Checkered Keelback/000008.jpg,False
Xenochrophis piscator,Checkered Keelback,Colubridae,Throughout India,Mildly venomous,Non-toxic,No,Least Concern,Freshwater habitats,75,175,data/raw_images/Non-Venomous/Checkered Keelback/Checkered_46.jpg,False
Xenochrophis piscator,Checkered Keelback,Colubridae,Throughout India,Mildly venomous,Non-toxic,No,Least Concern,Freshwater habitats,75,175,data/raw_images/Non-Venomous/Checkered Keelback/000023.jpg,False
Xenochrophis piscator,Checkered Keelback,Colubridae,Throughout India,Mildly venomous,Non-toxic,No,Least Concern,Freshwater habitats,75,175,data/raw_images/Non-Venomous/Checkered Keelback/000022.jpg,False
Xenochrophis piscator,Checkered Keelback,Colubridae,Throughout India,Mildly venomous,Non-toxic,No,Least Concern,Freshwater habitats,75,175,data/raw_images/Non-Venomous/Checkered Keelback/Checkered_53.jpg,False
Xenochrophis piscator,Checkered Keelback,Colubridae,Throughout India,Mildly venomous,Non-toxic,No,Least Concern,Freshwater habitats,75,175,data/raw_images/Non-Venomous/Checkered Keelback/Checkered_47.jpg,False
Xenochrophis piscator,Checkered Keelback,Colubridae,Throughout India,Mildly venomous,Non-toxic,No,Least Concern,Freshwater habitats,75,175,data/raw_images/Non-Venomous/Checkered Keelback/Checkered_6.jpg,False
Xenochrophis piscator,Checkered Keelback,Colubridae,Throughout India,Mildly venomous,Non-toxic,No,Least Concern,Freshwater habitats,75,175,data/raw_images/Non-Venomous/Checkered Keelback/Checkered_20.jpg,False
Xenochrophis piscator,Checkered Keelback,Colubridae,Throughout India,Mildly venomous,Non-toxic,No,Least Concern,Freshwater habitats,75,175,data/raw_images/Non-Venomous/Checkered Keelback/Checkered_34.jpg,False
Xenochrophis piscator,Checkered Keelback,Colubridae,Throughout India,Mildly venomous,Non-toxic,No,Least Concern,Freshwater habitats,75,175,data/raw_images/Non-Venomous/Checkered Keelback/000045.jpg,False
Xenochrophis piscator,Checkered Keelback,Colubridae,Throughout India,Mildly venomous,Non-toxic,No,Least Concern,Freshwater habitats,75,175,data/raw_images/Non-Venomous/Checkered Keelback/000050.jpg,False
Xenochrophis piscator,Checkered Keelback,Colubridae,Throughout India,Mildly venomous,Non-toxic,No,Least Concern,Freshwater habitats,75,175,data/raw_images/Non-Venomous/Checkered Keelback/000044.jpg,False
Xenochrophis piscator,Checkered Keelback,Colubridae,Throughout India,Mildly venomous,Non-toxic,No,Least Concern,Freshwater habitats,75,175,data/raw_images/Non-Venomous/Checkered Keelback/Checkered_35.jpg,False
Xenochrophis piscator,Checkered Keelback,Colubridae,Throughout India,Mildly venomous,Non-toxic,No,Least Concern,Freshwater habitats,75,175,data/raw_images/Non-Venomous/Checkered Keelback/Checkered_21.jpg,False
Xenochrophis piscator,Checkered Keelback,Colubridae,Throughout India,Mildly venomous,Non-toxic,No,Least Concern,Freshwater habitats,75,175,data/raw_images/Non-Venomous/Checkered Keelback/Checkered_7.jpg,False
Xenochrophis piscator,Checkered Keelback,Colubridae,Throughout India,Mildly venomous,Non-toxic,No,Least Concern,Freshwater habitats,75,175,data/raw_images/Non-Venomous/Checkered Keelback/Checkered_5.jpg,False
Xenochrophis piscator,Checkered Keelback,Colubridae,Throughout India,Mildly venomous,Non-toxic,No,Least Concern,Freshwater habitats,75,175,data/raw_images/Non-Venomous/Checkered Keelback/Checkered_23.jpg,False
Xenochrophis piscator,Checkered Keelback,Colubridae,Throughout India,Mildly venomous,Non-toxic,No,Least Concern,Freshwater habitats,75,175,data/raw_images/Non-Venomous/Checkered Keelback/000052.jpg,False
Xenochrophis piscator,Checkered Keelback,Colubridae,Throughout India,Mildly venomous,Non-toxic,No,Least Concern,Freshwater habitats,75,175,data/raw_images/Non-Venomous/Checkered Keelback/000047.jpg,False
Xenochrophis piscator,Checkered Keelback,Colubridae,Throughout India,Mildly venomous,Non-toxic,No,Least Concern,Freshwater habitats,75,175,data/raw_images/Non-Venomous/Checkered Keelback/Checkered_22.jpg,False
Xenochrophis piscator,Checkered Keelback,Colubridae,Throughout India,Mildly venomous,Non-toxic,No,Least Concern,Freshwater habitats,75,175,data/raw_images/Non-Venomous/Checkered Keelback/Checkered_36.jpg,False
Xenochrophis piscator,Checkered Keelback,Colubridae,Throughout India,Mildly venomous,Non-toxic,No,Least Concern,Freshwater habitats,75,175,data/raw_images/Non-Venomous/Checkered Keelback/Checkered_32.jpg,False
Xenochrophis piscator,Checkered Keelback,Colubridae,Throughout India,Mildly venomous,Non-toxic,No,Least Concern,Freshwater habitats,75,175,data/raw_images/Non-Venomous/Checkered Keelback/000057.jpg,False
Xenochrophis piscator,Checkered Keelback,Colubridae,Throughout India,Mildly venomous,Non-toxic,No,Least Concern,Freshwater habitats,75,175,data/raw_images/Non-Venomous/Checkered Keelback/000043.jpg,False
Xenochrophis piscator,Checkered Keelback,Colubridae,Throughout India,Mildly venomous,Non-toxic,No,Least Concern,Freshwater habitats,75,175,data/raw_images/Non-Venomous/Checkered Keelback/000042.jpg,False
Xenochrophis piscator,Checkered Keelback,Colubridae,Throughout India,Mildly venomous,Non-toxic,No,Least Concern,Freshwater habitats,75,175,data/raw_images/Non-Venomous/Checkered Keelback/000056.jpg,False
Xenochrophis piscator,Checkered Keelback,Colubridae,Throughout India,Mildly venomous,Non-toxic,No,Least Concern,Freshwater habitats,75,175,data/raw_images/Non-Venomous/Checkered Keelback/Checkered_27.jpg,False
Xenochrophis piscator,Checkered Keelback,Colubridae,Throughout India,Mildly venomous,Non-toxic,No,Least Concern,Freshwater habitats,75,175,data/raw_images/Non-Venomous/Checkered Keelback/Checkered_33.jpg,False
Xenochrophis piscator,Checkered Keelback,Colubridae,Throughout India,Mildly venomous,Non-toxic,No,Least Concern,Freshwater habitats,75,175,data/raw_images/Non-Venomous/Checkered Keelback/Checkered_1.jpg,False
Xenochrophis piscator,Checkered Keelback,Colubridae,Throughout India,Mildly venomous,Non-toxic,No,Least Concern,Freshwater habitats,75,175,data/raw_images/Non-Venomous/Checkered Keelback/Checkered_3.jpg,False
Xenochrophis piscator,Checkered Keelback,Colubridae,Throughout India,Mildly venomous,Non-toxic,No,Least Concern,Freshwater habitats,75,175,data/raw_images/Non-Venomous/Checkered Keelback/Checkered_19.jpg,False
Xenochrophis piscator,Checkered Keelback,Colubridae,Throughout India,Mildly venomous,Non-toxic,No,Least Concern,Freshwater habitats,75,175,data/raw_images/Non-Venomous/Checkered Keelback/Checkered_25.jpg,False
Xenochrophis piscator,Checkered Keelback,Colubridae,Throughout India,Mildly venomous,Non-toxic,No,Least Concern,Freshwater habitats,75,175,data/raw_images/Non-Venomous/Checkered Keelback/Checkered_31.jpg,False
Xenochrophis piscator,Checkered Keelback,Colubridae,Throughout India,Mildly venomous,Non-toxic,No,Least Concern,Freshwater habitats,75,175,data/raw_images/Non-Venomous/Checkered Keelback/000040.jpg,False
Xenochrophis piscator,Checkered Keelback,Colubridae,Throughout India,Mildly venomous,Non-toxic,No,Least Concern,Freshwater habitats,75,175,data/raw_images/Non-Venomous/Checkered Keelback/000055.jpg,False
Xenochrophis piscator,Checkered Keelback,Colubridae,Throughout India,Mildly venomous,Non-toxic,No,Least Concern,Freshwater habitats,75,175,data/raw_images/Non-Venomous/Checkered Keelback/000041.jpg,False
Xenochrophis piscator,Checkered Keelback,Colubridae,Throughout India,Mildly venomous,Non-toxic,No,Least Concern,Freshwater habitats,75,175,data/raw_images/Non-Venomous/Checkered Keelback/Checkered_30.jpg,False
Xenochrophis piscator,Checkered Keelback,Colubridae,Throughout India,Mildly venomous,Non-toxic,No,Least Concern,Freshwater habitats,75,175,data/raw_images/Non-Venomous/Checkered Keelback/Checkered_24.jpg,False
Xenochrophis piscator,Checkered Keelback,Colubridae,Throughout India,Mildly venomous,Non-toxic,No,Least Concern,Freshwater habitats,75,175,data/raw_images/Non-Venomous/Checkered Keelback/Checkered_18.jpg,False
Xenochrophis piscator,Checkered Keelback,Colubridae,Throughout India,Mildly venomous,Non-toxic,No,Least Concern,Freshwater habitats,75,175,data/raw_images/Non-Venomous/Checkered Keelback/Checkered_2.jpg,False
Xenochrophis piscator,Checkered Keelback,Colubridae,Throughout India,Mildly venomous,Non-toxic,No,Least Concern,Freshwater habitats,75,175,data/raw_images/Non-Venomous/Checkered Keelback/Checkered_15.jpg,False
Xenochrophis piscator,Checkered Keelback,Colubridae,Throughout India,Mildly venomous,Non-toxic,No,Least Concern,Freshwater habitats,75,175,data/raw_images/Non-Venomous/Checkered Keelback/Checkered_29.jpg,False
Xenochrophis piscator,Checkered Keelback,Colubridae,Throughout India,Mildly venomous,Non-toxic,No,Least Concern,Freshwater habitats,75,175,data/raw_images/Non-Venomous/Checkered Keelback/000065.jpg,False
Xenochrophis piscator,Checkered Keelback,Colubridae,Throughout India,Mildly venomous,Non-toxic,No,Least Concern,Freshwater habitats,75,175,data/raw_images/Non-Venomous/Checkered Keelback/Checkered_28.jpg,False
Xenochrophis piscator,Checkered Keelback,Colubridae,Throughout India,Mildly venomous,Non-toxic,No,Least Concern,Freshwater habitats,75,175,data/raw_images/Non-Venomous/Checkered Keelback/Checkered_14.jpg,False
Xenochrophis piscator,Checkered Keelback,Colubridae,Throughout India,Mildly venomous,Non-toxic,No,Least Concern,Freshwater habitats,75,175,data/raw_images/Non-Venomous/Checkered Keelback/000067.jpg,False
Xenochrophis piscator,Checkered Keelback,Colubridae,Throughout India,Mildly venomous,Non-toxic,No,Least Concern,Freshwater habitats,75,175,data/raw_images/Non-Venomous/Checkered Keelback/000066.jpg,False
Xenochrophis piscator,Checkered Keelback,Colubridae,Throughout India,Mildly venomous,Non-toxic,No,Least Concern,Freshwater habitats,75,175,data/raw_images/Non-Venomous/Checkered Keelback/Checkered_17.jpg,False
Xenochrophis piscator,Checkered Keelback,Colubridae,Throughout India,Mildly venomous,Non-toxic,No,Least Concern,Freshwater habitats,75,175,data/raw_images/Non-Venomous/Checkered Keelback/Checkered_9.jpg,False
Xenochrophis piscator,Checkered Keelback,Colubridae,Throughout India,Mildly venomous,Non-toxic,No,Least Concern,Freshwater habitats,75,175,data/raw_images/Non-Venomous/Checkered Keelback/Checkered_13.jpg,False
Xenochrophis piscator,Checkered Keelback,Colubridae,Throughout India,Mildly venomous,Non-toxic,No,Least Concern,Freshwater habitats,75,175,data/raw_images/Non-Venomous/Checkered Keelback/000062.jpg,False
Xenochrophis piscator,Checkered Keelback,Colubridae,Throughout India,Mildly venomous,Non-toxic,No,Least Concern,Freshwater habitats,75,175,data/raw_images/Non-Venomous/Checkered Keelback/000063.jpg,False
Xenochrophis piscator,Checkered Keelback,Colubridae,Throughout India,Mildly venomous,Non-toxic,No,Least Concern,Freshwater habitats,75,175,data/raw_images/Non-Venomous/Checkered Keelback/Checkered_12.jpg,False
Xenochrophis piscator,Checkered Keelback,Colubridae,Throughout India,Mildly venomous,Non-toxic,No,Least Concern,Freshwater habitats,75,175,data/raw_images/Non-Venomous/Checkered Keelback/Checkered_38.jpg,False
Xenochrophis piscator,Checkered Keelback,Colubridae,Throughout India,Mildly venomous,Non-toxic,No,Least Concern,Freshwater habitats,75,175,data/raw_images/Non-Venomous/Checkered Keelback/000061.jpg,False
Xenochrophis piscator,Checkered Keelback,Colubridae,Throughout India,Mildly venomous,Non-toxic,No,Least Concern,Freshwater habitats,75,175,data/raw_images/Non-Venomous/Checkered Keelback/000049.jpg,False
Xenochrophis piscator,Checkered Keelback,Colubridae,Throughout India,Mildly venomous,Non-toxic,No,Least Concern,Freshwater habitats,75,175,data/raw_images/Non-Venomous/Checkered Keelback/Checkered_39.JPG,False
Xenochrophis piscator,Checkered Keelback,Colubridae,Throughout India,Mildly venomous,Non-toxic,No,Least Concern,Freshwater habitats,75,175,data/raw_images/Non-Venomous/Checkered Keelback/Checkered_76.png,False
Xenochrophis piscator,Checkered Keelback,Colubridae,Throughout India,Mildly venomous,Non-toxic,No,Least Concern,Freshwater habitats,75,175,data/raw_images/Non-Venomous/Checkered Keelback/Checkered_62.jpg,False
Xenochrophis piscator,Checkered Keelback,Colubridae,Throughout India,Mildly venomous,Non-toxic,No,Least Concern,Freshwater habitats,75,175,data/raw_images/Non-Venomous/Checkered Keelback/000006.jpg,False
Xenochrophis piscator,Checkered Keelback,Colubridae,Throughout India,Mildly venomous,Non-toxic,No,Least Concern,Freshwater habitats,75,175,data/raw_images/Non-Venomous/Checkered Keelback/Checkered_63.jpg,False
Xenochrophis piscator,Checkered Keelback,Colubridae,Throughout India,Mildly venomous,Non-toxic,No,Least Concern,Freshwater habitats,75,175,data/raw_images/Non-Venomous/Checkered Keelback/Checkered_77.png,False
Xenochrophis piscator,Checkered Keelback,Colubridae,Throughout India,Mildly venomous,Non-toxic,No,Least Concern,Freshwater habitats,75,175,data/raw_images/Non-Venomous/Checkered Keelback/000038.jpg,False
Xenochrophis piscator,Checkered Keelback,Colubridae,Throughout India,Mildly venomous,Non-toxic,No,Least Concern,Freshwater habitats,75,175,data/raw_images/Non-Venomous/Checkered Keelback/000004.jpg,False
Xenochrophis piscator,Checkered Keelback,Colubridae,Throughout India,Mildly venomous,Non-toxic,No,Least Concern,Freshwater habitats,75,175,data/raw_images/Non-Venomous/Checkered Keelback/000039.jpg,False
Xenochrophis piscator,Checkered Keelback,Colubridae,Throughout India,Mildly venomous,Non-toxic,No,Least Concern,Freshwater habitats,75,175,data/raw_images/Non-Venomous/Checkered Keelback/Checkered_60.JPG,False
Xenochrophis piscator,Checkered Keelback,Colubridae,Throughout India,Mildly venomous,Non-toxic,No,Least Concern,Freshwater habitats,75,175,data/raw_images/Non-Venomous/Checkered Keelback/Checkered_74.jpg,False
Xenochrophis piscator,Checkered Keelback,Colubridae,Throughout India,Mildly venomous,Non-toxic,No,Least Concern,Freshwater habitats,75,175,data/raw_images/Non-Venomous/Checkered Keelback/Checkered_70.jpg,False
Xenochrophis piscator,Checkered Keelback,Colubridae,Throughout India,Mildly venomous,Non-toxic,No,Least Concern,Freshwater habitats,75,175,data/raw_images/Non-Venomous/Checkered Keelback/000015.jpg,False
Xenochrophis piscator,Checkered Keelback,Colubridae,Throughout India,Mildly venomous,Non-toxic,No,Least Concern,Freshwater habitats,75,175,data/raw_images/Non-Venomous/Checkered Keelback/000029.jpg,False
Xenochrophis piscator,Checkered Keelback,Colubridae,Throughout India,Mildly venomous,Non-toxic,No,Least Concern,Freshwater habitats,75,175,data/raw_images/Non-Venomous/Checkered Keelback/000028.jpg,False
Xenochrophis piscator,Checkered Keelback,Colubridae,Throughout India,Mildly venomous,Non-toxic,No,Least Concern,Freshwater habitats,75,175,data/raw_images/Non-Venomous/Checkered Keelback/000014.jpg,False
Xenochrophis piscator,Checkered Keelback,Colubridae,Throughout India,Mildly venomous,Non-toxic,No,Least Concern,Freshwater habitats,75,175,data/raw_images/Non-Venomous/Checkered Keelback/Checkered_71.jpg,False
Xenochrophis piscator,Checkered Keelback,Colubridae,Throughout India,Mildly venomous,Non-toxic,No,Least Concern,Freshwater habitats,75,175,data/raw_images/Non-Venomous/Checkered Keelback/Checkered_59.jpg,False
Xenochrophis piscator,Checkered Keelback,Colubridae,Throughout India,Mildly venomous,Non-toxic,No,Least Concern,Freshwater habitats,75,175,data/raw_images/Non-Venomous/Checkered Keelback/Checkered_81.jpeg,False
Xenochrophis piscator,Checkered Keelback,Colubridae,Throughout India,Mildly venomous,Non-toxic,No,Least Concern,Freshwater habitats,75,175,data/raw_images/Non-Venomous/Checkered Keelback/Checkered_67.jpg,False
Xenochrophis piscator,Checkered Keelback,Colubridae,Throughout India,Mildly venomous,Non-toxic,No,Least Concern,Freshwater habitats,75,175,data/raw_images/Non-Venomous/Checkered Keelback/Checkered_73.jpg,False
Xenochrophis piscator,Checkered Keelback,Colubridae,Throughout India,Mildly venomous,Non-toxic,No,Least Concern,Freshwater habitats,75,175,data/raw_images/Non-Venomous/Checkered Keelback/000016.jpg,False
Xenochrophis piscator,Checkered Keelback,Colubridae,Throughout India,Mildly venomous,Non-toxic,No,Least Concern,Freshwater habitats,75,175,data/raw_images/Non-Venomous/Checkered Keelback/000017.jpg,False
Xenochrophis piscator,Checkered Keelback,Colubridae,Throughout India,Mildly venomous,Non-toxic,No,Least Concern,Freshwater habitats,75,175,data/raw_images/Non-Venomous/Checkered Keelback/Checkered_72.jpg,False
Python molurus,Indian Rock Python,Pythonidae,Throughout India,Non-venomous,Non-toxic,No,Near Threatened,"Forests, grasslands",300,450,data/raw_images/Non-Venomous/Indian Rock Python/Indian_33.jpg,False
Python molurus,Indian Rock Python,Pythonidae,Throughout India,Non-venomous,Non-toxic,No,Near Threatened,"Forests, grasslands",300,450,data/raw_images/Non-Venomous/Indian Rock Python/Indian_32.jpg,False
Python molurus,Indian Rock Python,Pythonidae,Throughout India,Non-venomous,Non-toxic,No,Near Threatened,"Forests, grasslands",300,450,data/raw_images/Non-Venomous/Indian Rock Python/Indian_26.jpg,False
Python molurus,Indian Rock Python,Pythonidae,Throughout India,Non-venomous,Non-toxic,No,Near Threatened,"Forests, grasslands",300,450,data/raw_images/Non-Venomous/Indian Rock Python/Indian_24.jpg,False
Python molurus,Indian Rock Python,Pythonidae,Throughout India,Non-venomous,Non-toxic,No,Near Threatened,"Forests, grasslands",300,450,data/raw_images/Non-Venomous/Indian Rock Python/Indian_18.jpg,False
Python molurus,Indian Rock Python,Pythonidae,Throughout India,Non-venomous,Non-toxic,No,Near Threatened,"Forests, grasslands",300,450,data/raw_images/Non-Venomous/Indian Rock Python/Indian_21.jpg,False
Python molurus,Indian Rock Python,Pythonidae,Throughout India,Non-venomous,Non-toxic,No,Near Threatened,"Forests, grasslands",300,450,data/raw_images/Non-Venomous/Indian Rock Python/Indian_34.jpg,False
Python molurus,Indian Rock Python,Pythonidae,Throughout India,Non-venomous,Non-toxic,No,Near Threatened,"Forests, grasslands",300,450,data/raw_images/Non-Venomous/Indian Rock Python/Indian_22.jpg,False
Python molurus,Indian Rock Python,Pythonidae,Throughout India,Non-venomous,Non-toxic,No,Near Threatened,"Forests, grasslands",300,450,data/raw_images/Non-Venomous/Indian Rock Python/Indian_36.jpg,False
Python molurus,Indian Rock Python,Pythonidae,Throughout India,Non-venomous,Non-toxic,No,Near Threatened,"Forests, grasslands",300,450,data/raw_images/Non-Venomous/Indian Rock Python/Indian_102.jpeg,False
Python molurus,Indian Rock Python,Pythonidae,Throughout India,Non-venomous,Non-toxic,No,Near Threatened,"Forests, grasslands",300,450,data/raw_images/Non-Venomous/Indian Rock Python/Indian_103.jpg,False
Python molurus,Indian Rock Python,Pythonidae,Throughout India,Non-venomous,Non-toxic,No,Near Threatened,"Forests, grasslands",300,450,data/raw_images/Non-Venomous/Indian Rock Python/Indian_44.jpg,False
Python molurus,Indian Rock Python,Pythonidae,Throughout India,Non-venomous,Non-toxic,No,Near Threatened,"Forests, grasslands",300,450,data/raw_images/Non-Venomous/Indian Rock Python/Indian_78.jpg,False
Python molurus,Indian Rock Python,Pythonidae,Throughout India,Non-venomous,Non-toxic,No,Near Threatened,"Forests, grasslands",300,450,data/raw_images/Non-Venomous/Indian Rock Python/Indian_79.jpg,False
Python molurus,Indian Rock Python,Pythonidae,Throughout India,Non-venomous,Non-toxic,No,Near Threatened,"Forests, grasslands",300,450,data/raw_images/Non-Venomous/Indian Rock Python/Indian_45.jpg,False
Python molurus,Indian Rock Python,Pythonidae,Throughout India,Non-venomous,Non-toxic,No,Near Threatened,"Forests, grasslands",300,450,data/raw_images/Non-Venomous/Indian Rock Python/Indian_102.JPG,False
Python molurus,Indian Rock Python,Pythonidae,Throughout India,Non-venomous,Non-toxic,No,Near Threatened,"Forests, grasslands",300,450,data/raw_images/Non-Venomous/Indian Rock Python/Indian_116.jpg,False
Python molurus,Indian Rock Python,Pythonidae,Throughout India,Non-venomous,Non-toxic,No,Near Threatened,"Forests, grasslands",300,450,data/raw_images/Non-Venomous/Indian Rock Python/Indian_128.jpg,False
Python molurus,Indian Rock Python,Pythonidae,Throughout India,Non-venomous,Non-toxic,No,Near Threatened,"Forests, grasslands",300,450,data/raw_images/Non-Venomous/Indian Rock Python/Indian_105.jpeg,False
Python molurus,Indian Rock Python,Pythonidae,Throughout India,Non-venomous,Non-toxic,No,Near Threatened,"Forests, grasslands",300,450,data/raw_images/Non-Venomous/Indian Rock Python/Indian_114.jpg,False
Python molurus,Indian Rock Python,Pythonidae,Throughout India,Non-venomous,Non-toxic,No,Near Threatened,"Forests, grasslands",300,450,data/raw_images/Non-Venomous/Indian Rock Python/Indian_47.jpg,False
Python molurus,Indian Rock Python,Pythonidae,Throughout India,Non-venomous,Non-toxic,No,Near Threatened,"Forests, grasslands",300,450,data/raw_images/Non-Venomous/Indian Rock Python/Indian_77.jpeg,False
Python molurus,Indian Rock Python,Pythonidae,Throughout India,Non-venomous,Non-toxic,No,Near Threatened,"Forests, grasslands",300,450,data/raw_images/Non-Venomous/Indian Rock Python/Indian_90.png,False
Python molurus,Indian Rock Python,Pythonidae,Throughout India,Non-venomous,Non-toxic,No,Near Threatened,"Forests, grasslands",300,450,data/raw_images/Non-Venomous/Indian Rock Python/Indian_46.jpg,False
Python molurus,Indian Rock Python,Pythonidae,Throughout India,Non-venomous,Non-toxic,No,Near Threatened,"Forests, grasslands",300,450,data/raw_images/Non-Venomous/Indian Rock Python/Indian_52.jpg,False
Python molurus,Indian Rock Python,Pythonidae,Throughout India,Non-venomous,Non-toxic,No,Near Threatened,"Forests, grasslands",300,450,data/raw_images/Non-Venomous/Indian Rock Python/Indian_115.jpg,False
Python molurus,Indian Rock Python,Pythonidae,Throughout India,Non-venomous,Non-toxic,No,Near Threatened,"Forests, grasslands",300,450,data/raw_images/Non-Venomous/Indian Rock Python/Indian_101.JPG,False
Python molurus,Indian Rock Python,Pythonidae,Throughout India,Non-venomous,Non-toxic,No,Near Threatened,"Forests, grasslands",300,450,data/raw_images/Non-Venomous/Indian Rock Python/Indian_105.jpg,False
Python molurus,Indian Rock Python,Pythonidae,Throughout India,Non-venomous,Non-toxic,No,Near Threatened,"Forests, grasslands",300,450,data/raw_images/Non-Venomous/Indian Rock Python/Indian_81.jpg,False
Python molurus,Indian Rock Python,Pythonidae,Throughout India,Non-venomous,Non-toxic,No,Near Threatened,"Forests, grasslands",300,450,data/raw_images/Non-Venomous/Indian Rock Python/Indian_56.jpg,False
Python molurus,Indian Rock Python,Pythonidae,Throughout India,Non-venomous,Non-toxic,No,Near Threatened,"Forests, grasslands",300,450,data/raw_images/Non-Venomous/Indian Rock Python/Indian_42.JPG,False
Python molurus,Indian Rock Python,Pythonidae,Throughout India,Non-venomous,Non-toxic,No,Near Threatened,"Forests, grasslands",300,450,data/raw_images/Non-Venomous/Indian Rock Python/Indian_76.jpeg,False
Python molurus,Indian Rock Python,Pythonidae,Throughout India,Non-venomous,Non-toxic,No,Near Threatened,"Forests, grasslands",300,450,data/raw_images/Non-Venomous/Indian Rock Python/Indian_57.jpg,False
Python molurus,Indian Rock Python,Pythonidae,Throughout India,Non-venomous,Non-toxic,No,Near Threatened,"Forests, grasslands",300,450,data/raw_images/Non-Venomous/Indian Rock Python/Indian_104.jpeg,False
Python molurus,Indian Rock Python,Pythonidae,Throughout India,Non-venomous,Non-toxic,No,Near Threatened,"Forests, grasslands",300,450,data/raw_images/Non-Venomous/Indian Rock Python/Indian_138.jpg,False
Python molurus,Indian Rock Python,Pythonidae,Throughout India,Non-venomous,Non-toxic,No,Near Threatened,"Forests, grasslands",300,450,data/raw_images/Non-Venomous/Indian Rock Python/Indian_104.jpg,False
Python molurus,Indian Rock Python,Pythonidae,Throughout India,Non-venomous,Non-toxic,No,Near Threatened,"Forests, grasslands",300,450,data/raw_images/Non-Venomous/Indian Rock Python/Indian_112.jpg,False
Python molurus,Indian Rock Python,Pythonidae,Throughout India,Non-venomous,Non-toxic,No,Near Threatened,"Forests, grasslands",300,450,data/raw_images/Non-Venomous/Indian Rock Python/Indian_106.jpg,False
Python molurus,Indian Rock Python,Pythonidae,Throughout India,Non-venomous,Non-toxic,No,Near Threatened,"Forests, grasslands",300,450,data/raw_images/Non-Venomous/Indian Rock Python/Indian_82.jpg,False
Python molurus,Indian Rock Python,Pythonidae,Throughout India,Non-venomous,Non-toxic,No,Near Threatened,"Forests, grasslands",300,450,data/raw_images/Non-Venomous/Indian Rock Python/Indian_41.jpg,False
Python molurus,Indian Rock Python,Pythonidae,Throughout India,Non-venomous,Non-toxic,No,Near Threatened,"Forests, grasslands",300,450,data/raw_images/Non-Venomous/Indian Rock Python/Indian_54.jpg,False
Python molurus,Indian Rock Python,Pythonidae,Throughout India,Non-venomous,Non-toxic,No,Near Threatened,"Forests, grasslands",300,450,data/raw_images/Non-Venomous/Indian Rock Python/Indian_40.jpg,False
Python molurus,Indian Rock Python,Pythonidae,Throughout India,Non-venomous,Non-toxic,No,Near Threatened,"Forests, grasslands",300,450,data/raw_images/Non-Venomous/Indian Rock Python/Indian_83.jpg,False
Python molurus,Indian Rock Python,Pythonidae,Throughout India,Non-venomous,Non-toxic,No,Near Threatened,"Forests, grasslands",300,450,data/raw_images/Non-Venomous/Indian Rock Python/Indian_107.jpg,False
Python molurus,Indian Rock Python,Pythonidae,Throughout India,Non-venomous,Non-toxic,No,Near Threatened,"Forests, grasslands",300,450,data/raw_images/Non-Venomous/Indian Rock Python/Indian_113.jpg,False
Python molurus,Indian Rock Python,Pythonidae,Throughout India,Non-venomous,Non-toxic,No,Near Threatened,"Forests, grasslands",300,450,data/raw_images/Non-Venomous/Indian Rock Python/Indian_65.jpg,False
Python molurus,Indian Rock Python,Pythonidae,Throughout India,Non-venomous,Non-toxic,No,Near Threatened,"Forests, grasslands",300,450,data/raw_images/Non-Venomous/Indian Rock Python/Indian_59.JPG,False
Python molurus,Indian Rock Python,Pythonidae,Throughout India,Non-venomous,Non-toxic,No,Near Threatened,"Forests, grasslands",300,450,data/raw_images/Non-Venomous/Indian Rock Python/Indian_79.jpeg,False
Python molurus,Indian Rock Python,Pythonidae,Throughout India,Non-venomous,Non-toxic,No,Near Threatened,"Forests, grasslands",300,450,data/raw_images/Non-Venomous/Indian Rock Python/Indian_58.jpg,False
Python molurus,Indian Rock Python,Pythonidae,Throughout India,Non-venomous,Non-toxic,No,Near Threatened,"Forests, grasslands",300,450,data/raw_images/Non-Venomous/Indian Rock Python/Indian_70.jpg,False
Python molurus,Indian Rock Python,Pythonidae,Throughout India,Non-venomous,Non-toxic,No,Near Threatened,"Forests, grasslands",300,450,data/raw_images/Non-Venomous/Indian Rock Python/Indian_64.jpg,False
Python molurus,Indian Rock Python,Pythonidae,Throughout India,Non-venomous,Non-toxic,No,Near Threatened,"Forests, grasslands",300,450,data/raw_images/Non-Venomous/Indian Rock Python/Indian_123.jpg,False
Python molurus,Indian Rock Python,Pythonidae,Throughout India,Non-venomous,Non-toxic,No,Near Threatened,"Forests, grasslands",300,450,data/raw_images/Non-Venomous/Indian Rock Python/Indian_137.jpg,False
Python molurus,Indian Rock Python,Pythonidae,Throughout India,Non-venomous,Non-toxic,No,Near Threatened,"Forests, grasslands",300,450,data/raw_images/Non-Venomous/Indian Rock Python/Indian_80.jpeg,False
Python molurus,Indian Rock Python,Pythonidae,Throughout India,Non-venomous,Non-toxic,No,Near Threatened,"Forests, grasslands",300,450,data/raw_images/Non-Venomous/Indian Rock Python/Indian_109.jpg,False
Python molurus,Indian Rock Python,Pythonidae,Throughout India,Non-venomous,Non-toxic,No,Near Threatened,"Forests, grasslands",300,450,data/raw_images/Non-Venomous/Indian Rock Python/Indian_121.jpg,False
Python molurus,Indian Rock Python,Pythonidae,Throughout India,Non-venomous,Non-toxic,No,Near Threatened,"Forests, grasslands",300,450,data/raw_images/Non-Venomous/Indian Rock Python/Indian_66.jpg,False
Python molurus,Indian Rock Python,Pythonidae,Throughout India,Non-venomous,Non-toxic,No,Near Threatened,"Forests, grasslands",300,450,data/raw_images/Non-Venomous/Indian Rock Python/Indian_75.jpeg,False
Python molurus,Indian Rock Python,Pythonidae,Throughout India,Non-venomous,Non-toxic,No,Near Threatened,"Forests, grasslands",300,450,data/raw_images/Non-Venomous/Indian Rock Python/Indian_73.png,False
Python molurus,Indian Rock Python,Pythonidae,Throughout India,Non-venomous,Non-toxic,No,Near Threatened,"Forests, grasslands",300,450,data/raw_images/Non-Venomous/Indian Rock Python/Indian_134.jpg,False
Python molurus,Indian Rock Python,Pythonidae,Throughout India,Non-venomous,Non-toxic,No,Near Threatened,"Forests, grasslands",300,450,data/raw_images/Non-Venomous/Indian Rock Python/Indian_130.jpg,False
Python molurus,Indian Rock Python,Pythonidae,Throughout India,Non-venomous,Non-toxic,No,Near Threatened,"Forests, grasslands",300,450,data/raw_images/Non-Venomous/Indian Rock Python/Indian_77.jpg,False
Python molurus,Indian Rock Python,Pythonidae,Throughout India,Non-venomous,Non-toxic,No,Near Threatened,"Forests, grasslands",300,450,data/raw_images/Non-Venomous/Indian Rock Python/Indian_63.jpg,False
Python molurus,Indian Rock Python,Pythonidae,Throughout India,Non-venomous,Non-toxic,No,Near Threatened,"Forests, grasslands",300,450,data/raw_images/Non-Venomous/Indian Rock Python/Indian_88.png,False
Python molurus,Indian Rock Python,Pythonidae,Throughout India,Non-venomous,Non-toxic,No,Near Threatened,"Forests, grasslands",300,450,data/raw_images/Non-Venomous/Indian Rock Python/Indian_89.png,False
Python molurus,Indian Rock Python,Pythonidae,Throughout India,Non-venomous,Non-toxic,No,Near Threatened,"Forests, grasslands",300,450,data/raw_images/Non-Venomous/Indian Rock Python/Indian_62.jpg,False
Python molurus,Indian Rock Python,Pythonidae,Throughout India,Non-venomous,Non-toxic,No,Near Threatened,"Forests, grasslands",300,450,data/raw_images/Non-Venomous/Indian Rock Python/Indian_76.jpg,False
Python molurus,Indian Rock Python,Pythonidae,Throughout India,Non-venomous,Non-toxic,No,Near Threatened,"Forests, grasslands",300,450,data/raw_images/Non-Venomous/Indian Rock Python/Indian_119.jpg,False
Python molurus,Indian Rock Python,Pythonidae,Throughout India,Non-venomous,Non-toxic,No,Near Threatened,"Forests, grasslands",300,450,data/raw_images/Non-Venomous/Indian Rock Python/Indian_125.jpg,False
Python molurus,Indian Rock Python,Pythonidae,Throughout India,Non-venomous,Non-toxic,No,Near Threatened,"Forests, grasslands",300,450,data/raw_images/Non-Venomous/Indian Rock Python/Indian_48.JPG,False
Python molurus,Indian Rock Python,Pythonidae,Throughout India,Non-venomous,Non-toxic,No,Near Threatened,"Forests, grasslands",300,450,data/raw_images/Non-Venomous/Indian Rock Python/Indian_60.jpg,False
Python molurus,Indian Rock Python,Pythonidae,Throughout India,Non-venomous,Non-toxic,No,Near Threatened,"Forests, grasslands",300,450,data/raw_images/Non-Venomous/Indian Rock Python/Indian_74.png,False
Python molurus,Indian Rock Python,Pythonidae,Throughout India,Non-venomous,Non-toxic,No,Near Threatened,"Forests, grasslands",300,450,data/raw_images/Non-Venomous/Indian Rock Python/Indian_75.jpg,False
Python molurus,Indian Rock Python,Pythonidae,Throughout India,Non-venomous,Non-toxic,No,Near Threatened,"Forests, grasslands",300,450,data/raw_images/Non-Venomous/Indian Rock Python/Indian_61.jpg,False
Python molurus,Indian Rock Python,Pythonidae,Throughout India,Non-venomous,Non-toxic,No,Near Threatened,"Forests, grasslands",300,450,data/raw_images/Non-Venomous/Indian Rock Python/Indian_49.jpg,False
Python molurus,Indian Rock Python,Pythonidae,Throughout India,Non-venomous,Non-toxic,No,Near Threatened,"Forests, grasslands",300,450,data/raw_images/Non-Venomous/Indian Rock Python/Indian_141.jpg,False
Python molurus,Indian Rock Python,Pythonidae,Throughout India,Non-venomous,Non-toxic,No,Near Threatened,"Forests, grasslands",300,450,data/raw_images/Non-Venomous/Indian Rock Python/Indian_7.jpg,False
Python molurus,Indian Rock Python,Pythonidae,Throughout India,Non-venomous,Non-toxic,No,Near Threatened,"Forests, grasslands",300,450,data/raw_images/Non-Venomous/Indian Rock Python/Indian_13.jpg,False
Python molurus,Indian Rock Python,Pythonidae,Throughout India,Non-venomous,Non-toxic,No,Near Threatened,"Forests, grasslands",300,450,data/raw_images/Non-Venomous/Indian Rock Python/Indian_6.jpg,False
Python molurus,Indian Rock Python,Pythonidae,Throughout India,Non-venomous,Non-toxic,No,Near Threatened,"Forests, grasslands",300,450,data/raw_images/Non-Venomous/Indian Rock Python/Indian_4.jpg,False
Python molurus,Indian Rock Python,Pythonidae,Throughout India,Non-venomous,Non-toxic,No,Near Threatened,"Forests, grasslands",300,450,data/raw_images/Non-Venomous/Indian Rock Python/Indian_11.jpg,False
Python molurus,Indian Rock Python,Pythonidae,Throughout India,Non-venomous,Non-toxic,No,Near Threatened,"Forests, grasslands",300,450,data/raw_images/Non-Venomous/Indian Rock Python/Indian_38.jpg,False
Python molurus,Indian Rock Python,Pythonidae,Throughout India,Non-venomous,Non-toxic,No,Near Threatened,"Forests, grasslands",300,450,data/raw_images/Non-Venomous/Indian Rock Python/Indian_10.jpg,False
Python molurus,Indian Rock Python,Pythonidae,Throughout India,Non-venomous,Non-toxic,No,Near Threatened,"Forests, grasslands",300,450,data/raw_images/Non-Venomous/Indian Rock Python/Indian_5.jpg,False
Python molurus,Indian Rock Python,Pythonidae,Throughout India,Non-venomous,Non-toxic,No,Near Threatened,"Forests, grasslands",300,450,data/raw_images/Non-Venomous/Indian Rock Python/Indian_143.jpg,False
Python molurus,Indian Rock Python,Pythonidae,Throughout India,Non-venomous,Non-toxic,No,Near Threatened,"Forests, grasslands",300,450,data/raw_images/Non-Venomous/Indian Rock Python/Indian_1.jpg,False
Python molurus,Indian Rock Python,Pythonidae,Throughout India,Non-venomous,Non-toxic,No,Near Threatened,"Forests, grasslands",300,450,data/raw_images/Non-Venomous/Indian Rock Python/Indian_28.jpg,False
Python molurus,Indian Rock Python,Pythonidae,Throughout India,Non-venomous,Non-toxic,No,Near Threatened,"Forests, grasslands",300,450,data/raw_images/Non-Venomous/Indian Rock Python/Indian_15.jpg,False
Python molurus,Indian Rock Python,Pythonidae,Throughout India,Non-venomous,Non-toxic,No,Near Threatened,"Forests, grasslands",300,450,data/raw_images/Non-Venomous/Indian Rock Python/Indian_29.jpg,False
Python molurus,Indian Rock Python,Pythonidae,Throughout India,Non-venomous,Non-toxic,No,Near Threatened,"Forests, grasslands",300,450,data/raw_images/Non-Venomous/Indian Rock Python/Indian_144.png,False
Python molurus,Indian Rock Python,Pythonidae,Throughout India,Non-venomous,Non-toxic,No,Near Threatened,"Forests, grasslands",300,450,data/raw_images/Non-Venomous/Indian Rock Python/Indian_100.jpeg,False
Python molurus,Indian Rock Python,Pythonidae,Throughout India,Non-venomous,Non-toxic,No,Near Threatened,"Forests, grasslands",300,450,data/raw_images/Non-Venomous/Indian Rock Python/Indian_2.jpg,False
Python molurus,Indian Rock Python,Pythonidae,Throughout India,Non-venomous,Non-toxic,No,Near Threatened,"Forests, grasslands",300,450,data/raw_images/Non-Venomous/Indian Rock Python/Indian_16.jpg,False
Python molurus,Indian Rock Python,Pythonidae,Throughout India,Non-venomous,Non-toxic,No,Near Threatened,"Forests, grasslands",300,450,data/raw_images/Non-Venomous/Indian Rock Python/Indian_3.jpg,False
